Allensville,,,,,,Beechwood,,,,,,Benevolence,,,,,,Coffeen,,,,,,Collierville,,,,,,Cosmos,,,,,,Corozal,,,,,,Darden,,,,,,Forkland,,,,,,Hanson,,,,,,Hiteman,,,,,,Ihlen,,,,,,Klickitat,,,,,,Lakeville,,,,,,Leonardo,,,,,,Lindenwood,,,,,,Markleeville,,,,,,Marstons,,,,,,McDade,,,,,,Merom,,,,,,Mifflinburg,,,,,,Muleshoe,,,,,,Newfields,,,,,,Noxapater,,,,,,Onaga,,,,,,Pinesdale,,,,,,Pomaria,,,,,,Ranchester,,,,,,Shelbyville,,,,,,Stockman,,,,,,Tolstoy,,,,,,Uvalda,,,,,,Wainscott,,,,,,Wiconisco,,,,,,Woodbine,,,,,
instance,class,tactile texture,visual texture,material,,instance,class,tactile texture,visual texture,material,,instance,class,tactile texture,visual texture,material,,instance,class,tactile texture,visual texture,material,,instance,class,tactile texture,visual texture,material,,instance,class,tactile texture,visual texture,material,,instance,class,tactile texture,visual texture,material,,instance,class,tactile texture,visual texture,material,,instance,class,tactile texture,visual texture,material,,instance,class,tactile texture,visual texture,material,,instance,class,tactile texture,visual texture,material,,instance,class,tactile texture,visual texture,material,,instance,class,tactile texture,visual texture,material,,instance,class,tactile texture,visual texture,material,,instance,class,tactile texture,visual texture,material,,instance,class,tactile texture,visual texture,material,,instance,class,tactile texture,visual texture,material,,instance,class,tactile texture,visual texture,material,,instance,class,tactile texture,visual texture,material,,instance,class,tactile texture,visual texture,material,,instance,class,tactile texture,visual texture,material,,instance,class,tactile texture,visual texture,material,,instance,class,tactile texture,visual texture,material,,instance,class,tactile texture,visual texture,material,,instance,class,tactile texture,visual texture,material,,instance,class,tactile texture,visual texture,material,,instance,class,tactile texture,visual texture,material,,instance,class,tactile texture,visual texture,material,,instance,class,tactile texture,visual texture,material,,instance,class,tactile texture,visual texture,material,,instance,class,tactile texture,visual texture,material,,instance,class,tactile texture,visual texture,material,,instance,class,tactile texture,visual texture,material,,instance,class,tactile texture,visual texture,material,,instance,class,tactile texture,visual texture,material,
1,microwave,,,glass,metal,1,handbag,,,leather,,1,microwave,,,glass,metal,1,backpack,,,fabric,,1,keyboard,bumpy,,plastic,,1,laptop,,,metal,,1,bench,,,leather,,1,bench,,stained,wood,metal,1,microwave,,,glass,metal,1,oven,,lined,metal,glass,1,microwave,,,glass,metal,1,oven,,,glass,metal,1,bench,,stained,wood,,1,oven,,,metal,glass,1,handbag,,swirly,fabric,,1,oven,,,glass,metal,1,oven,,,metal,glass,1,microwave,,,glass,metal,1,sports,,,plastic,,1,oven,,,glass,metal,1,microwave,,,glass,metal,1,oven,,,glass,metal,1,keyboard,bumpy,,plastic,,1,oven,,,metal,,1,microwave,,,glass,metal,1,oven,,,glass,metal,1,chair,,,leather,metal,1,oven,,,metal,glass,1,bicycle,,,metal,,1,oven,,,metal,glass,1,backpack,,,fabric,,1,bench,,paisley,fabric,,1,oven,,,glass,metal,1,bench,,,metal,other,71,bottle,,,glass,
11,oven,,,metal,glass,11,suitcase,bumpy,polka-dotted,plastic,,11,oven,,,glass,metal,11,bottle,,stained,glass,paper,11,microwave,,,metal,glass,11,oven,,,metal,,11,bottle,,,plastic,,21,bottle,,,ceramic,,11,oven,,,glass,metal,11,oven,bumpy,,metal,glass,11,oven,,,metal,glass,11,sink,,,ceramic,,21,bottle,,,glass,,11,toaster,,,metal,,11,handbag,,,leather,,11,oven,,,glass,metal,11,oven,,,metal,glass,11,oven,,,glass,metal,11,oven,,,glass,metal,11,sink,,,ceramic,,11,oven,,,glass,metal,11,sink,,,ceramic,,11,microwave,,,glass,metal,11,sink,,,metal,,11,oven,,,glass,metal,11,sink,,,ceramic,,11,chair,,,fabric,metal,11,sink,,,metal,,11,backpack,,,fabric,,11,sink,,,ceramic,,11,tie,,lined,fabric,,11,bottle,,,glass,,11,oven,,,metal,,11,bottle,,,glass,,81,bottle,bumpy,,ceramic,
21,sink,,,ceramic,,41,bowl,woven,interlaced,wood,,21,sink,,,metal,,21,bottle,,stained,glass,paper,21,oven,,,metal,glass,21,oven,,,metal,glass,21,bottle,,,metal,,31,bottle,bumpy,,glass,,21,sink,,,ceramic,,21,sink,,,metal,,21,sink,,,metal,,21,sink,,,metal,,31,bowl,,smeared,glass,,21,sink,,,ceramic,,21,skateboard,,lined,wood,,21,sink,,,ceramic,,21,sink,,,metal,,21,refrigerator,,,metal,,21,sink,,,ceramic,,21,sink,,,ceramic,,21,sink,,,metal,,21,sink,,,ceramic,,21,oven,bumpy,,glass,metal,21,sink,,,ceramic,,21,bottle,,stained,glass,,21,sink,,,ceramic,,21,chair,,,fabric,metal,21,sink,,marbled,ceramic,polished stone,21,backpack,,,fabric,,21,sink,,,ceramic,,21,suitcase,,,fabric,,21,bottle,,,glass,,21,bottle,,,glass,,21,wine,,grid,glass,,91,bottle,,,glass,
31,sink,,,metal,,51,chair,,,wood,fabric,31,sink,,,ceramic,,31,bottle,,,glass,,31,sink,,,metal,,31,sink,,,ceramic,,31,bottle,,,metal,,41,bottle,,,ceramic,,31,sink,,,ceramic,,31,sink,,,ceramic,,31,sink,,,ceramic,,31,sink,,,ceramic,,51,bowl,,,ceramic,,31,refrigerator,,,metal,,31,bottle,,,glass,,31,sink,,,ceramic,,31,sink,,,ceramic,,31,vase,,smeared,ceramic,,31,sink,,,ceramic,,31,sink,,,ceramic,,31,sink,,,ceramic,,31,sink,,,metal,,31,sink,,,ceramic,,31,sink,,,ceramic,,41,bottle,,stained,glass,,31,sink,,,ceramic,,31,chair,wrinkled,,leather,metal,31,refrigerator,,,metal,,41,handbag,,,leather,,31,sink,,,ceramic,,31,bottle,,stained,plastic,,31,bottle,,stained,plastic,,31,bottle,,,plastic,,31,wine,,grid,glass,,101,bottle,,,glass,
41,sink,,,ceramic,,61,chair,,,wood,fabric,41,sink,,,ceramic,,41,bottle,,stained,glass,paper,41,sink,,,ceramic,,41,sink,,,metal,,41,bottle,,,plastic,,51,cup,,paisley,ceramic,,41,sink,,,ceramic,,41,sink,,,ceramic,,41,sink,,,ceramic,,41,refrigerator,,,metal,,91,bowl,,,metal,,41,book,veined,striped,paper,,51,bottle,,swirly,glass,,41,sink,,,ceramic,,41,sink,,,ceramic,,41,vase,bumpy,interlaced,ceramic,,41,sink,,,ceramic,,41,refrigerator,,,metal,,41,sink,,,ceramic,,41,sink,,,metal,,41,sink,,,ceramic,,41,refrigerator,,,metal,,61,bottle,,striped,ceramic,,41,sink,,,ceramic,,41,chair,,,wood,fabric,41,book,grooved,stained,paper,,51,handbag,,swirly,fabric,,41,sink,matted,,stone,,41,bottle,,stained,plastic,,41,bottle,,,ceramic,,41,sink,,,metal,,41,bowl,,smeared,ceramic,,111,bottle,,,glass,
51,refrigerator,,,metal,,71,chair,,,wood,fabric,51,sink,,,ceramic,,51,bottle,,stained,glass,paper,51,sink,,,ceramic,,51,sink,,,ceramic,,51,bottle,,,glass,,61,cup,,paisley,ceramic,,51,sink,,,ceramic,,51,sink,,,ceramic,,51,sink,,,ceramic,,51,cup,,,ceramic,,101,chair,,,wood,,51,book,,stained,paper,,61,bottle,,,glass,,51,sink,,,ceramic,,51,refrigerator,,,metal,,51,vase,bumpy,interlaced,metal,,51,sink,,,ceramic,,51,book,grooved,stained,paper,,51,sink,,,ceramic,,51,refrigerator,,,metal,,51,sink,,,ceramic,,51,book,,stained,paper,,71,refrigerator,,,metal,,51,sink,,,ceramic,,51,chair,studded,dotted,leather,metal,51,book,grooved,stained,paper,,61,handbag,,,leather,,51,sink,,,ceramic,,51,bottle,,,glass,,51,bottle,,,plastic,,51,sink,,,ceramic,,51,bowl,,,ceramic,,121,bottle,,stained,glass,
61,vase,bumpy,dotted,other,,81,chair,,,wood,fabric,61,sink,,,ceramic,,61,bottle,,,plastic,,61,sink,,,ceramic,,61,sink,,,ceramic,,61,bottle,,,glass,,71,bowl,,,wood,,61,sink,,,ceramic,,61,refrigerator,,,metal,,71,vase,grooved,lined,glass,,71,vase,,,glass,,111,chair,,,wood,leather,61,book,,stained,paper,,71,bottle,,swirly,glass,,61,sink,,,ceramic,,61,book,grooved,striped,paper,,61,vase,bumpy,,metal,,61,sink,,,ceramic,,61,bottle,,,glass,,61,sink,,,ceramic,,61,book,grooved,striped,paper,,61,sink,,,ceramic,,61,book,,stained,paper,,81,book,,stained,paper,,61,sink,,,ceramic,,61,chair,studded,dotted,leather,metal,61,book,grooved,stained,paper,,71,suitcase,,,fabric,,61,refrigerator,,,metal,,61,bottle,,,glass,,61,bottle,,,glass,,61,sink,,,ceramic,,61,bowl,,smeared,ceramic,,131,bottle,,,plastic,
71,vase,grooved,grid,mirror,,91,chair,,,wood,fabric,71,refrigerator,,,metal,,71,bottle,,,plastic,,71,sink,,,ceramic,,71,refrigerator,,,metal,,71,bottle,,stained,plastic,,81,bowl,,paisley,ceramic,,71,bottle,,stained,plastic,,71,book,veined,striped,paper,,81,vase,grooved,lined,glass,,81,bench,,,wood,,121,chair,,,wood,leather,71,book,veined,striped,paper,,81,bottle,,stained,plastic,,71,sink,,,ceramic,,71,book,veined,,paper,,71,vase,woven,interlaced,metal,,71,sink,,,metal,,71,vase,,,metal,,71,refrigerator,,,metal,,71,book,grooved,striped,paper,,71,sink,,,ceramic,,71,bottle,,,plastic,,91,book,,stained,paper,,71,sink,,,ceramic,,71,chair,,,leather,plastic,71,book,grooved,stained,paper,,81,bottle,,,glass,,71,bench,stratified,,wood,,81,bottle,,,glass,,71,bottle,,,glass,,71,book,grooved,striped,paper,,71,chair,stratified,,wood,fabric,141,bottle,,,glass,
81,vase,grooved,grid,mirror,,101,chair,,,wood,fabric,81,book,grooved,stained,paper,,81,wine,,,glass,,81,refrigerator,,,metal,,81,book,stratified,stained,paper,,81,bottle,,,glass,,91,chair,perforated,,metal,,81,bottle,,stained,plastic,,81,book,,stained,paper,,101,bowl,,,ceramic,,91,toilet,,,ceramic,,131,chair,,,wood,,81,book,veined,striped,paper,,91,bottle,,stained,plastic,,81,refrigerator,,,metal,,81,cup,,,ceramic,,81,toilet,,,ceramic,,81,refrigerator,,,metal,,81,vase,bumpy,stained,ceramic,,81,vase,bumpy,,metal,,81,book,grooved,striped,paper,,81,sink,,,ceramic,,81,toilet,,,ceramic,,101,book,,stained,paper,,81,sink,,,ceramic,,81,chair,,,leather,plastic,81,book,grooved,stained,paper,,91,bottle,,,glass,,81,toilet,,,ceramic,,91,bottle,,,glass,,81,bottle,,,glass,,81,book,grooved,striped,paper,,81,chair,stratified,,wood,fabric,161,bottle,,,glass,
101,vase,bumpy,,metal,,111,chair,,paisley,fabric,wood,91,book,,stained,paper,,91,wine,,,glass,,91,bottle,,stained,metal,,91,book,stratified,stained,paper,,91,wine,,,glass,,101,chair,,,wood,,91,bottle,,stained,plastic,,91,book,veined,striped,paper,,111,toilet,,,ceramic,,101,toilet,,,ceramic,,141,chair,,stained,wood,leather,91,book,veined,striped,paper,,101,bottle,,stained,metal,,91,book,grooved,striped,paper,,91,cup,,,glass,,91,toilet,,,ceramic,,91,book,grooved,striped,paper,,91,vase,,,ceramic,,91,bench,,,wood,leather,91,book,grooved,striped,paper,,91,refrigerator,,,metal,,91,chair,,,fabric,metal,111,book,,stained,paper,,91,dining,,,wood,,91,couch,,,fabric,,91,book,grooved,stained,paper,,101,bottle,crystalline,,glass,,91,toilet,,,ceramic,,101,bottle,,,glass,,101,bowl,,,metal,,91,refrigerator,,,metal,,91,chair,stratified,,wood,fabric,171,bottle,,,glass,
111,vase,,lined,ceramic,,121,chair,grooved,striped,fabric,wood,101,bottle,,stained,plastic,,111,wine,,,glass,,101,bottle,,,glass,,101,book,,,paper,,101,wine,,,glass,,111,chair,,,wood,,101,bottle,,,plastic,,101,book,veined,striped,paper,,121,toilet,,,ceramic,,111,chair,,stained,wood,,151,chair,,stained,wood,leather,101,book,veined,striped,paper,,111,cup,,swirly,ceramic,,121,book,grooved,striped,paper,,101,vase,,,ceramic,,101,toilet,,,ceramic,,101,book,veined,,paper,,101,vase,,,ceramic,,101,toilet,,,ceramic,,101,book,grooved,striped,paper,,101,handbag,,,fabric,,101,chair,,,fabric,metal,121,sink,,,ceramic,,101,book,,stained,paper,,101,potted,fibrous,blotchy,foliage,,101,book,grooved,stained,paper,,111,bottle,,stained,metal,glass,101,dining,,stained,wood,,111,bottle,,stained,glass,,111,bowl,,,glass,,111,vase,,stained,glass,,101,chair,stratified,,wood,fabric,181,bottle,,,glass,
121,vase,,lined,ceramic,,131,chair,,,plastic,,111,bottle,,stained,plastic,,121,wine,,,glass,,111,bottle,,,glass,,111,book,,,paper,,111,wine,,,glass,,121,chair,,,wood,,111,bottle,,,plastic,,111,cup,,,ceramic,,131,toilet,,,ceramic,,121,chair,,stained,wood,,161,chair,,,wood,,111,book,veined,striped,paper,,131,bowl,,stained,metal,,131,clock,,,polished stone,,111,bench,,paisley,fabric,wood,111,chair,,,fabric,,111,book,grooved,striped,paper,,111,backpack,,,fabric,,111,toilet,,,ceramic,,111,book,grooved,striped,paper,,111,clock,,,wood,glass,111,chair,,,fabric,metal,131,sink,,,ceramic,,111,book,grooved,stained,paper,,111,potted,fibrous,,foliage,wood,111,book,grooved,stained,paper,,121,bottle,,,glass,,,,,,,,121,bottle,,stained,plastic,,131,chair,,,leather,,121,clock,bumpy,,glass,metal,111,chair,,interlaced,wood,fabric,201,cup,,,glass,
131,vase,,lined,ceramic,,141,chair,,,plastic,,121,bottle,,stained,plastic,,131,wine,,,glass,,121,cup,,,glass,,141,cup,,stained,ceramic,,121,wine,,,glass,,131,chair,,,fabric,,121,bottle,,stained,plastic,,121,vase,,chequered,ceramic,,141,toilet,,,ceramic,,131,chair,,stained,wood,,171,chair,,stained,wood,leather,121,book,veined,striped,paper,,141,chair,wrinkled,,leather,plastic,141,bottle,,,glass,,121,toilet,,,ceramic,,121,chair,studded,dotted,fabric,wood,121,vase,,,metal,,121,toilet,,,ceramic,,121,toilet,,,ceramic,,131,book,,stained,paper,,121,clock,,,metal,glass,121,chair,,,fabric,metal,141,sink,,,ceramic,,121,book,grooved,stained,paper,,121,potted,fibrous,,foliage,,121,book,grooved,stained,paper,,131,bottle,,,glass,,,,,,,,131,wine,,,glass,,141,chair,,,leather,,131,clock,,,glass,wood,121,chair,,stained,wood,metal,221,apple,,stained,food,
131,bowl,,,ceramic,,161,chair,,stained,metal,wood,131,vase,,,other,,141,cup,,,ceramic,,131,vase,,,glass,,151,vase,,stained,ceramic,,131,wine,,,glass,,141,chair,,,fabric,wood,141,bottle,,,glass,,131,vase,stratified,smeared,ceramic,,151,chair,,stained,wood,,141,chair,,,wood,,181,chair,,stained,wood,leather,131,book,veined,striped,paper,,151,chair,wrinkled,,leather,plastic,161,vase,,,glass,,131,toilet,,,ceramic,,131,chair,studded,dotted,fabric,wood,131,vase,,,ceramic,,131,toilet,,,ceramic,,131,chair,,,leather,wood,141,book,grooved,striped,paper,,131,vase,,,glass,,131,chair,,,fabric,metal,151,vase,,smeared,ceramic,,131,book,grooved,stained,paper,,131,potted,fibrous,,foliage,wood,131,book,grooved,stained,paper,,141,bottle,,,metal,,,,,,,,141,wine,,,glass,,151,chair,studded,grid,fabric,wood,141,cup,,,ceramic,,131,chair,,,metal,,241,chair,studded,dotted,fabric,wood
141,vase,,lined,ceramic,,171,chair,,stained,metal,wood,141,teddy,woven,,fabric,,151,cup,,,plastic,,141,vase,bumpy,stained,ceramic,,161,vase,,,metal,mirror,141,wine,,,glass,,151,chair,,,fabric,wood,151,bottle,,,plastic,,141,vase,stratified,smeared,ceramic,,161,chair,,stained,wood,,151,chair,,zigzagged,wood,fabric,191,chair,,stained,wood,leather,141,book,veined,striped,paper,,161,chair,studded,stained,fabric,wood,181,toilet,,,ceramic,,141,toilet,,,ceramic,,141,chair,studded,dotted,fabric,wood,141,vase,,,ceramic,,141,chair,,,fabric,,141,chair,,,leather,wood,151,book,grooved,striped,paper,,141,bottle,,,plastic,,141,chair,studded,dotted,leather,wood,181,teddy,,,fabric,,141,book,grooved,stained,paper,,141,potted,fibrous,,ceramic,wood,141,book,grooved,stained,paper,,151,bottle,,,metal,,,,,,,,151,wine,,,glass,,161,chair,,,wood,leather,151,toilet,,,ceramic,,141,chair,,stained,wood,metal,251,chair,,paisley,fabric,wood
151,bowl,,,ceramic,,181,chair,,,wood,,151,teddy,woven,,fabric,,161,bowl,,,metal,,151,vase,,,glass,,171,vase,,,metal,mirror,151,cup,,,glass,,161,chair,,striped,fabric,wood,161,bottle,,,glass,,151,vase,grooved,chequered,ceramic,,171,chair,,stained,wood,metal,161,chair,woven,interlaced,fabric,wood,201,chair,,stained,wood,leather,151,book,veined,striped,paper,,171,chair,,,fabric,wood,201,toilet,,,ceramic,,151,toilet,,,ceramic,,151,chair,studded,dotted,fabric,wood,151,vase,,,ceramic,,151,chair,woven,lined,metal,fabric,151,chair,,swirly,fabric,wood,171,book,,stained,paper,,151,bottle,,stained,plastic,,151,chair,,,wood,,201,orange,,,food,,151,book,grooved,stained,paper,,151,potted,fibrous,,wood,,151,book,grooved,stained,paper,,161,bottle,,,glass,,,,,,,,161,wine,,,glass,,171,chair,,,wood,leather,161,toilet,,,ceramic,,151,chair,,interlaced,wood,fabric,261,chair,,paisley,fabric,wood
161,bowl,bumpy,stained,wood,,191,chair,woven,interlaced,fabric,wood,161,bowl,,,metal,,171,bowl,,,ceramic,,161,vase,bumpy,,ceramic,,181,vase,,,glass,,161,cup,,paisley,ceramic,,171,chair,,striped,fabric,wood,171,bottle,,stained,plastic,,161,vase,,,glass,,181,chair,,stained,wood,,171,chair,studded,stained,leather,wood,211,chair,,stained,wood,leather,161,book,veined,striped,paper,,181,chair,,,fabric,wood,211,chair,,,wood,,161,chair,woven,interlaced,fabric,metal,161,chair,woven,interlaced,fabric,wood,161,vase,veined,interlaced,glass,,161,chair,woven,lined,metal,fabric,161,chair,,,leather,wood,181,book,grooved,striped,paper,,171,bottle,,stained,plastic,,161,chair,,,wood,,211,orange,,,food,,161,book,,stained,paper,,161,potted,fibrous,interlaced,wood,foliage,161,book,grooved,stained,paper,,191,wine,,stained,glass,,,,,,,,171,wine,,,glass,,181,chair,,,wood,leather,171,chair,,,wood,fabric,161,chair,,stained,wood,metal,271,chair,studded,dotted,fabric,wood
181,apple,,stained,food,,201,chair,,,wood,,181,bowl,,stained,wood,,181,bowl,,,plastic,,171,toilet,,,ceramic,,191,vase,,stained,ceramic,,171,cup,,,ceramic,,181,chair,woven,interlaced,fabric,wood,181,bottle,,stained,plastic,,171,vase,,,ceramic,,191,chair,,stained,wood,,181,chair,studded,,leather,wood,221,chair,,paisley,fabric,,181,book,veined,striped,paper,,191,chair,,,leather,metal,221,chair,,,wood,,171,chair,,,wood,metal,171,chair,woven,interlaced,fabric,wood,171,vase,veined,interlaced,glass,,171,chair,,,fabric,wood,171,chair,,,leather,wood,211,book,grooved,striped,paper,,181,book,grooved,stained,paper,,171,chair,studded,dotted,leather,wood,221,toilet,,,ceramic,,171,book,grooved,stained,paper,,171,potted,fibrous,stained,ceramic,foliage,171,book,grooved,stained,paper,,201,wine,,stained,glass,,,,,,,,181,wine,,,glass,,191,chair,,,wood,leather,181,chair,,paisley,wood,fabric,171,chair,,stained,wood,metal,281,chair,,,plastic,metal
191,toilet,,,ceramic,,211,chair,,,wood,,191,toilet,,,ceramic,,191,bowl,,,plastic,,181,toilet,,,ceramic,,211,vase,,smeared,ceramic,,181,cup,,paisley,ceramic,,191,chair,woven,interlaced,fabric,wood,191,book,veined,,paper,,181,bottle,,,plastic,,201,chair,,stained,wood,metal,191,chair,studded,,leather,wood,231,chair,,,,,191,book,,stained,paper,,201,chair,,,leather,metal,231,chair,,,wood,fabric,181,chair,,,wood,metal,181,chair,woven,interlaced,plastic,fabric,191,vase,bumpy,,metal,,181,chair,,,fabric,wood,181,chair,,,plastic,metal,221,book,grooved,striped,paper,,191,suitcase,,swirly,fabric,,181,chair,studded,dotted,leather,wood,231,toilet,,,ceramic,,181,book,grooved,stained,paper,,181,potted,fibrous,stained,ceramic,foliage,181,book,grooved,stained,paper,,221,chair,,,wood,,,,,,,,191,bowl,,,ceramic,,201,chair,,,wood,leather,191,chair,,paisley,wood,fabric,181,chair,,stained,wood,metal,291,chair,,,plastic,metal
201,toilet,,,ceramic,,221,chair,knitted,crosshatched,fabric,plastic,201,toilet,,,ceramic,,201,bowl,,,plastic,,191,toilet,,,ceramic,,221,vase,,smeared,ceramic,,191,cup,,paisley,ceramic,,201,chair,,,wood,,201,book,grooved,,paper,,191,toilet,,,ceramic,,211,chair,,,metal,,201,chair,studded,,leather,wood,241,chair,,,wood,leather,201,book,,stained,paper,,211,chair,,,leather,metal,241,chair,,,wood,fabric,191,chair,,,fabric,wood,191,chair,woven,interlaced,plastic,fabric,201,vase,,,metal,,191,chair,,,fabric,wood,191,chair,perforated,swirly,wood,,231,book,grooved,striped,paper,,201,suitcase,,,fabric,,191,chair,studded,dotted,leather,wood,241,toilet,,,ceramic,,191,book,grooved,stained,paper,,191,potted,fibrous,stained,ceramic,foliage,191,book,grooved,stained,paper,,231,chair,,,wood,leather,,,,,,,201,bowl,,smeared,glass,,211,chair,,,wood,leather,201,chair,woven,interlaced,wood,,191,chair,studded,,leather,,301,chair,,,plastic,metal
211,chair,,,wood,fabric,231,chair,knitted,crosshatched,fabric,plastic,211,toilet,,,ceramic,,211,apple,bumpy,stained,food,,201,chair,,,leather,wood,231,vase,,,ceramic,,201,cup,,,metal,,211,chair,,,wood,,211,book,veined,stained,paper,,201,toilet,,,ceramic,,221,chair,woven,interlaced,plastic,,211,chair,studded,,leather,wood,251,chair,,,wood,leather,221,book,veined,striped,paper,,221,chair,,,leather,metal,251,chair,,,wood,,201,chair,,,fabric,wood,201,chair,studded,dotted,fabric,wood,211,vase,,lined,ceramic,,201,chair,,,fabric,wood,201,chair,perforated,swirly,wood,,251,book,grooved,striped,paper,,211,toilet,,,ceramic,,201,chair,,,leather,wood,251,chair,,,fabric,wood,201,book,grooved,stained,paper,,201,potted,frilly,,foliage,,201,book,grooved,stained,paper,,241,chair,,,wood,leather,,,,,,,221,bowl,,,wood,,221,chair,,,wood,leather,211,chair,,,wood,,201,chair,studded,,leather,,311,chair,,,leather,metal
221,chair,,,wood,fabric,241,chair,,,wood,,221,chair,,stained,wood,,221,chair,woven,interlaced,fabric,plastic,211,chair,,,leather,wood,241,vase,bumpy,,metal,mirror,211,bowl,,lined,ceramic,,221,chair,,,metal,,221,book,veined,stained,paper,,211,toilet,,,ceramic,,231,chair,woven,interlaced,plastic,fabric,221,chair,,grid,fabric,wood,261,chair,,lined,fabric,wood,231,book,,stained,paper,,231,chair,,,leather,metal,261,chair,,,fabric,wood,211,chair,,,wood,,211,chair,studded,dotted,fabric,wood,221,vase,,lined,ceramic,,211,chair,,,fabric,wood,211,chair,,,,,261,book,grooved,striped,paper,,221,toilet,,,ceramic,,211,chair,,,leather,wood,261,chair,,,wood,,211,book,grooved,stained,paper,,211,bed,,chequered,wood,fabric,211,book,grooved,stained,paper,,251,chair,,,fabric,wood,,,,,,,241,chair,,,wood,fabric,231,chair,,,wood,leather,221,chair,,,wood,leather,211,couch,studded,,fabric,,321,chair,,,plastic,metal
231,chair,,,wood,fabric,251,couch,,,fabric,,231,chair,,stained,wood,,231,chair,braided,crosshatched,wood,,221,chair,,,leather,wood,251,vase,,blotchy,glass,,231,chair,,,wood,fabric,231,chair,braided,interlaced,wood,,231,book,veined,stained,paper,,221,toilet,,,ceramic,,241,chair,,,plastic,metal,231,chair,,stained,leather,wood,271,chair,,lined,fabric,wood,241,book,veined,striped,paper,,241,chair,stratified,lined,wood,metal,271,chair,,interlaced,fabric,wood,221,chair,,,wood,,221,chair,,,fabric,wood,231,vase,,lined,ceramic,,221,chair,,,fabric,metal,221,chair,,,wood,,271,book,grooved,striped,paper,,231,toilet,,,ceramic,,221,chair,,,leather,wood,271,chair,,,fabric,wood,221,book,grooved,stained,paper,,221,bed,,,wood,fabric,221,book,grooved,stained,paper,,261,chair,,,wood,leather,,,,,,,251,chair,,,wood,,241,chair,,,wood,leather,231,chair,,,wood,leather,221,potted,frilly,blotchy,foliage,ceramic,331,chair,,,wood,leather
241,chair,,,wood,fabric,261,couch,wrinkled,stained,leather,,241,chair,,stained,wood,,241,chair,woven,interlaced,fabric,plastic,231,chair,potholed,,fabric,,271,vase,,stained,ceramic,,241,chair,,,wood,fabric,241,chair,braided,interlaced,wood,,241,refrigerator,,,metal,,231,chair,,,leather,,251,chair,studded,polka-dotted,fabric,metal,241,chair,,paisley,fabric,wood,281,chair,,paisley,fabric,,251,book,veined,striped,paper,,251,chair,,,leather,plastic,281,chair,,swirly,fabric,wood,231,chair,,,fabric,wood,231,chair,woven,interlaced,fabric,wood,241,vase,veined,interlaced,glass,,231,couch,wrinkled,stained,leather,,231,chair,,,wood,,281,book,grooved,striped,paper,,241,chair,,stained,wood,,231,chair,studded,dotted,leather,wood,281,chair,,,fabric,wood,241,book,grooved,stained,paper,,231,bed,,lined,wood,fabric,231,book,grooved,stained,paper,,271,chair,,,fabric,,,,,,,,261,chair,,,wood,fabric,251,chair,,,wood,leather,241,chair,,,wood,leather,231,potted,fibrous,,foliage,ceramic,341,chair,,,wood,fabric
251,chair,,,metal,,271,potted,fibrous,,foliage,plastic,251,chair,bumpy,,wood,fabric,251,chair,,,wood,leather,241,chair,studded,,fabric,wood,281,vase,,,ceramic,,251,chair,,,wood,fabric,251,chair,,lined,fabric,,251,vase,,smeared,ceramic,,241,chair,,,fabric,wood,261,chair,studded,polka-dotted,fabric,metal,251,chair,,paisley,fabric,wood,291,chair,,,plastic,,261,book,veined,striped,paper,,261,chair,,,leather,plastic,291,chair,,swirly,fabric,wood,241,chair,,,plastic,wood,241,chair,woven,interlaced,fabric,wood,251,vase,veined,interlaced,glass,,241,couch,wrinkled,,fabric,,241,chair,,,,,291,book,grooved,striped,paper,,251,chair,,stained,wood,,241,chair,studded,dotted,leather,wood,301,chair,,,fabric,wood,251,book,grooved,stained,paper,,241,toilet,,,ceramic,,241,book,grooved,stained,paper,,281,chair,,,fabric,wood,,,,,,,271,chair,,,wood,fabric,261,chair,studded,,wood,fabric,251,chair,,,wood,leather,241,potted,frilly,blotchy,foliage,,351,chair,meshed,grid,metal,
261,couch,,,wood,fabric,281,potted,,,foliage,,261,chair,,stained,wood,,261,chair,grooved,lined,wood,,251,couch,potholed,,fabric,,291,vase,,,ceramic,,261,chair,,stained,wood,,261,chair,braided,interlaced,fabric,,271,vase,,,metal,,251,chair,,,fabric,wood,271,couch,,,fabric,wood,261,chair,,,leather,,301,couch,,paisley,fabric,,271,book,veined,striped,paper,,271,chair,,,wood,,301,chair,studded,,fabric,wood,251,chair,,,plastic,wood,251,couch,,,fabric,wood,271,vase,,zigzagged,ceramic,,251,couch,,,fabric,,251,couch,,swirly,fabric,wood,301,book,grooved,striped,paper,,261,chair,,,wood,,251,chair,studded,dotted,leather,wood,311,chair,,,fabric,wood,271,book,grooved,stained,paper,,251,toilet,,,ceramic,,261,book,grooved,stained,paper,,291,chair,,lined,fabric,wood,,,,,,,281,chair,,,wood,fabric,271,chair,studded,,wood,fabric,261,chair,,,metal,leather,251,potted,frilly,blotchy,foliage,ceramic,361,chair,meshed,grid,metal,
271,potted_plant,,,foliage,,291,potted,frilly,blotchy,foliage,,271,couch,potholed,,fabric,wood,271,chair,braided,lined,wood,,261,potted,fibrous,,wood,foliage,301,vase,,stained,ceramic,,271,chair,,,wood,fabric,271,chair,,,metal,,281,vase,,,metal,,261,chair,,,fabric,wood,281,couch,,,fabric,wood,271,chair,studded,stained,leather,wood,311,couch,,paisley,fabric,,281,book,,stained,paper,,281,chair,,stained,wood,metal,311,chair,studded,,fabric,wood,261,chair,,,plastic,wood,261,couch,woven,interlaced,plastic,fabric,281,vase,,stained,ceramic,,261,potted,gauzy,blotchy,ceramic,foliage,261,couch,,,fabric,,311,book,grooved,striped,paper,,271,chair,,,wood,,261,chair,studded,dotted,leather,wood,321,chair,,,wood,,281,book,,stained,paper,,261,tv,,,metal,glass,271,book,,stained,paper,,301,chair,,lined,fabric,wood,,,,,,,291,chair,,,wood,fabric,281,chair,,stained,wood,metal,271,chair,,,metal,leather,261,potted,,,foliage,,371,chair,meshed,grid,metal,
281,potted_plant,,,foliage,ceramic,301,potted,frilly,blotchy,foliage,,281,potted,fibrous,stained,foliage,ceramic,281,chair,braided,lined,wood,,271,potted,frilly,stained,foliage,wood,311,vase,,,ceramic,,281,chair,,stained,wood,,281,chair,,,fabric,wood,291,vase,,stained,glass,,271,chair,,,metal,fabric,291,couch,woven,interlaced,plastic,fabric,281,couch,,,fabric,,321,couch,,paisley,fabric,,291,book,veined,striped,paper,,291,chair,,stained,wood,metal,321,chair,,,fabric,wood,271,chair,,,plastic,wood,271,couch,,,fabric,wood,291,vase,bumpy,stained,ceramic,,271,potted,frilly,stained,ceramic,foliage,271,potted,gauzy,,foliage,,321,cup,,swirly,ceramic,,281,chair,,,wood,,271,couch,,stained,fabric,,331,chair,woven,interlaced,metal,fabric,291,book,,stained,paper,,271,tv,,,plastic,,281,book,grooved,stained,paper,,311,chair,,swirly,fabric,wood,,,,,,,301,chair,,,wood,,291,chair,studded,,wood,fabric,281,chair,,,wood,fabric,271,potted,frilly,blotchy,foliage,ceramic,381,chair,meshed,grid,metal,
291,potted_plant,fibrous,,wood,,311,potted,fibrous,,foliage,ceramic,291,potted,fibrous,,foliage,ceramic,291,chair,braided,lined,wood,,281,potted,,,,,321,bottle,,stained,plastic,,291,couch,,stained,fabric,wood,291,couch,,,fabric,,311,vase,,stained,ceramic,,281,chair,,,metal,fabric,301,potted,fibrous,stained,metal,foliage,291,potted,fibrous,stained,foliage,ceramic,331,couch,,paisley,fabric,,301,book,veined,striped,paper,,301,chair,,,wood,,331,chair,,,fabric,wood,281,chair,,,plastic,wood,281,couch,,,fabric,wood,301,bottle,,,glass,metal,281,potted,frilly,,foliage,,281,potted,,blotchy,foliage,,331,cup,,,ceramic,,291,chair,woven,interlaced,fabric,plastic,281,potted,fibrous,stained,ceramic,foliage,341,chair,woven,interlaced,metal,fabric,301,clock,,,wood,glass,281,tv,,,plastic,,291,book,grooved,stained,paper,,321,chair,studded,dotted,fabric,wood,,,,,,,311,chair,,,wood,,301,chair,,,wood,leather,291,chair,,,wood,fabric,281,potted,frilly,blotchy,foliage,glass,391,chair,meshed,grid,metal,
301,bed,pleated,,fabric,,321,potted,fibrous,,foliage,,301,potted,grooved,,ceramic,,301,chair,braided,lined,wood,,291,potted,fibrous,stained,foliage,wood,331,bottle,,,plastic,,301,couch,,stained,fabric,wood,301,couch,,,fabric,wood,321,vase,,stained,ceramic,,291,chair,,,metal,fabric,311,potted,frilly,blotchy,foliage,glass,301,potted,fibrous,blotchy,foliage,ceramic,341,potted,frilly,blotchy,foliage,ceramic,311,book,veined,striped,paper,,311,chair,perforated,dotted,metal,,341,couch,,,fabric,wood,291,chair,,,fabric,,291,couch,studded,dotted,fabric,wood,311,bench,studded,dotted,fabric,wood,291,potted,fibrous,,ceramic,foliage,291,potted,frilly,,foliage,,341,cup,,swirly,ceramic,,301,couch,wrinkled,,fabric,,291,potted,frilly,interlaced,foliage,fabric,351,chair,,,fabric,wood,311,clock,,,wood,glass,291,tv,,,plastic,,301,vase,grooved,lined,ceramic,,331,chair,,,fabric,metal,,,,,,,321,chair,woven,interlaced,wood,fabric,311,chair,studded,,wood,fabric,301,chair,,,wood,fabric,291,potted,fibrous,,foliage,,401,chair,,,leather,plastic
311,bed,bumpy,,fabric,,331,potted,fibrous,,foliage,ceramic,311,bed,,grid,fabric,,311,chair,braided,lined,wood,,301,potted,fibrous,,foliage,wood,341,bottle,,stained,plastic,,311,couch,,,leather,,311,couch,,,fabric,,331,vase,,,glass,,301,chair,,,metal,fabric,321,potted,frilly,blotchy,foliage,glass,311,potted,frilly,blotchy,foliage,ceramic,351,potted,fibrous,blotchy,glass,foliage,321,book,veined,striped,paper,,321,chair,stratified,,wood,,351,couch,studded,,fabric,wood,301,chair,,,fabric,,301,couch,,,fabric,wood,321,bench,,,other,metal,301,potted,fibrous,,foliage,,311,potted,frilly,,foliage,glass,351,cup,,,ceramic,,311,couch,wrinkled,,fabric,,301,potted,,,ceramic,,361,chair,,,,,321,clock,,,wood,glass,301,laptop,,,plastic,,311,vase,,swirly,ceramic,,341,chair,bumpy,striped,leather,metal,,,,,,,331,chair,,,wood,fabric,321,chair,,,wood,leather,311,chair,,,wood,fabric,301,potted,gauzy,,foliage,ceramic,411,chair,,,leather,plastic
321,table,,,wood,,341,potted,frilly,stained,foliage,ceramic,321,bed,meshed,,wood,fabric,321,chair,,,wood,leather,311,potted,,stained,ceramic,,351,bottle,,stained,plastic,,321,potted,fibrous,blotchy,foliage,ceramic,321,potted,fibrous,blotchy,foliage,metal,341,vase,,stained,wood,,311,chair,,,metal,,331,potted,fibrous,,wood,,321,bed,,,fabric,wood,361,potted,fibrous,stained,foliage,ceramic,331,book,veined,striped,paper,,331,couch,studded,dotted,leather,,361,couch,,,fabric,wood,311,chair,woven,interlaced,fabric,metal,311,couch,studded,dotted,fabric,wood,331,bowl,,,glass,,311,potted,,,,,321,bed,waffled,grid,fabric,,361,vase,,swirly,ceramic,,321,potted,frilly,blotchy,ceramic,foliage,311,potted,fibrous,stained,ceramic,foliage,371,couch,,,fabric,wood,331,clock,,,metal,glass,311,keyboard,bumpy,,plastic,,321,vase,bumpy,swirly,ceramic,,351,chair,,,wood,,,,,,,,341,chair,,,wood,fabric,331,chair,studded,,wood,fabric,321,chair,,,wood,fabric,311,potted,fibrous,,foliage,ceramic,421,chair,,,leather,plastic
,,,,,,351,potted,frilly,blotchy,foliage,ceramic,331,bed,,,wood,fabric,331,chair,,,wood,fabric,321,bed,waffled,crosshatched,fabric,wood,361,tie,,grid,fabric,,331,potted,fibrous,blotchy,foliage,,331,potted,fibrous,stained,foliage,wood,351,vase,,stained,ceramic,,321,chair,,,fabric,,341,potted,fibrous,lined,wood,glass,331,bed,,grid,fabric,,371,potted,,,ceramic,,341,book,veined,striped,paper,,341,couch,studded,dotted,fabric,,371,couch,,,fabric,wood,321,chair,,,,,321,potted,grooved,lined,metal,foliage,341,toilet,,,ceramic,,321,potted,frilly,,foliage,glass,331,bed,,swirly,fabric,,371,vase,,,glass,,331,potted,veined,,foliage,,321,bed,wrinkled,,fabric,,381,potted,frilly,blotchy,ceramic,foliage,341,clock,,,wood,glass,321,oven,,,metal,glass,331,knife,,,plastic,,361,chair,,,wood,,,,,,,,351,chair,,,wood,fabric,341,chair,studded,,wood,fabric,331,chair,,,wood,fabric,321,potted,fibrous,,foliage,wood,431,chair,,,leather,plastic
,,,,,,361,potted,fibrous,,foliage,ceramic,341,dining,bumpy,,wood,,341,chair,,,wood,fabric,331,bed,waffled,crosshatched,fabric,wood,371,toilet,,,ceramic,,341,potted,frilly,blotchy,foliage,metal,341,potted,fibrous,,wood,,371,handbag,,,leather,,331,chair,,,metal,,351,bed,,,fabric,,341,bed,,paisley,fabric,wood,381,potted,fibrous,stained,foliage,ceramic,351,book,veined,striped,paper,,351,couch,studded,dotted,leather,,381,potted,,,ceramic,,331,chair,woven,interlaced,fabric,metal,331,potted,frilly,blotchy,ceramic,foliage,351,toilet,,,ceramic,,331,potted,fibrous,blotchy,ceramic,foliage,341,bed,,,fabric,,381,vase,,,ceramic,,341,potted,woven,interlaced,foliage,wood,331,dining,,,wood,,391,potted,frilly,blotchy,ceramic,foliage,351,vase,,swirly,ceramic,,331,sink,,,ceramic,,341,toilet,,,ceramic,,371,chair,,,wood,fabric,,,,,,,361,chair,,,wood,fabric,351,chair,,,wood,leather,341,chair,bumpy,,leather,plastic,331,potted,frilly,,foliage,metal,441,chair,,,leather,plastic
,,,,,,371,potted,fibrous,,foliage,ceramic,351,dining,wrinkled,paisley,fabric,,351,couch,,,fabric,,341,dining,,stained,metal,,381,toilet,,,ceramic,,351,potted,frilly,blotchy,foliage,metal,351,potted,,,ceramic,,381,clock,,,wood,glass,341,chair,,,fabric,metal,,,,,,,351,dining,,,wood,,391,potted,fibrous,blotchy,foliage,ceramic,361,book,veined,striped,paper,,361,couch,studded,dotted,fabric,,391,potted,fibrous,blotchy,ceramic,foliage,341,couch,,,fabric,metal,341,potted,frilly,blotchy,foliage,,361,toilet,,,ceramic,,341,potted,frilly,blotchy,ceramic,foliage,351,dining,,stained,wood,,391,vase,,,ceramic,,351,potted,frilly,blotchy,foliage,metal,341,dining,,marbled,metal,polished stone,401,potted,gauzy,stained,ceramic,foliage,361,vase,,stained,ceramic,,341,sink,,,metal,,351,toilet,,,ceramic,,381,chair,,,fabric,wood,,,,,,,371,chair,,,wood,fabric,361,chair,,,fabric,wood,351,chair,bumpy,,leather,plastic,351,potted,fibrous,,foliage,ceramic,451,chair,,grid,fabric,wood
,,,,,,381,bed,woven,paisley,fabric,wood,361,dining,bumpy,,wood,,361,couch,,,fabric,,351,dining,,striped,wood,,391,toilet,,,ceramic,,371,potted,fibrous,blotchy,foliage,ceramic,361,potted,frilly,stained,ceramic,foliage,391,bowl,,,metal,,351,chair,,,fabric,metal,,,,,,,361,dining,bumpy,,wood,,401,potted,fibrous,blotchy,foliage,glass,371,book,veined,striped,paper,,371,couch,studded,dotted,leather,,401,potted,fibrous,blotchy,ceramic,foliage,351,couch,,,leather,,351,potted,fibrous,,ceramic,foliage,371,chair,studded,dotted,fabric,,351,potted,gauzy,stained,ceramic,foliage,361,dining,,stained,wood,,401,vase,,swirly,ceramic,,361,potted,wrinkled,swirly,foliage,,,,,,,,421,potted,fibrous,blotchy,ceramic,foliage,381,vase,,swirly,ceramic,,351,sink,,,ceramic,,361,toilet,,,ceramic,,401,chair,,,fabric,wood,,,,,,,381,chair,,,wood,fabric,371,chair,,,fabric,wood,361,couch,wrinkled,,leather,,361,bed,waffled,,fabric,,461,chair,perforated,,metal,
,,,,,,391,bed,,paisley,fabric,wood,371,dining,bumpy,,wood,,371,potted,bumpy,stained,ceramic,foliage,361,dining,,stained,metal,,401,chair,,stained,fabric,wood,381,potted,frilly,blotchy,foliage,metal,371,potted,frilly,blotchy,metal,foliage,401,toilet,,,ceramic,,361,chair,,,fabric,metal,,,,,,,371,dining,bumpy,,wood,,411,potted,fibrous,blotchy,foliage,ceramic,381,book,,stained,paper,,381,couch,,,leather,,411,potted,frilly,blotchy,ceramic,foliage,361,couch,,zigzagged,fabric,wood,361,potted,frilly,blotchy,ceramic,foliage,381,chair,studded,dotted,fabric,wood,361,potted,gauzy,stained,ceramic,foliage,,,,,,,411,vase,,lined,wood,,371,potted,,,ceramic,,,,,,,,431,potted,frilly,stained,ceramic,foliage,411,vase,,swirly,ceramic,,361,refrigerator,,,metal,,371,chair,,striped,wood,fabric,411,couch,,,fabric,,,,,,,,391,chair,,,wood,fabric,381,chair,,,wood,leather,371,couch,wrinkled,,leather,,371,bed,,paisley,fabric,,471,chair,perforated,,metal,
,,,,,,401,bed,,swirly,fabric,,381,tv,,,glass,plastic,381,potted,fibrous,stained,foliage,metal,371,tv,,,plastic,,411,chair,studded,,leather,wood,391,potted,frilly,blotchy,foliage,metal,381,potted,frilly,blotchy,metal,foliage,411,toilet,,,ceramic,,371,chair,,,fabric,metal,,,,,,,381,dining,,,wood,,421,potted,fibrous,blotchy,foliage,,391,cup,,,ceramic,,391,couch,,,leather,,421,potted,fibrous,blotchy,ceramic,foliage,371,couch,,,,,371,potted,,,,,391,chair,,,fabric,wood,371,potted,frilly,,ceramic,foliage,,,,,,,431,vase,,,glass,,381,potted,gauzy,,ceramic,foliage,,,,,,,441,potted,frilly,stained,foliage,,421,vase,,,glass,,371,refrigerator,,,metal,,381,chair,,striped,wood,fabric,421,couch,,,fabric,,,,,,,,401,chair,,,fabric,,391,chair,,,wood,leather,381,couch,wrinkled,,leather,,381,dining,,,glass,wood,481,chair,,,leather,plastic
,,,,,,411,dining,,,wood,,391,tv,,,glass,plastic,391,potted,bumpy,stained,ceramic,wood,381,tv,,,plastic,glass,421,chair,,,fabric,wood,401,potted,fibrous,blotchy,foliage,metal,391,potted,grooved,smeared,ceramic,,421,toilet,,,ceramic,,381,chair,,,fabric,,,,,,,,,,,,,,431,potted,fibrous,blotchy,foliage,ceramic,401,vase,grooved,lined,ceramic,,401,potted,frilly,blotchy,ceramic,foliage,431,potted,fibrous,,foliage,,381,potted,fibrous,blotchy,wood,foliage,381,potted,meshed,interlaced,foliage,metal,401,chair,studded,dotted,fabric,wood,381,potted,frilly,,foliage,,,,,,,,441,vase,,grid,ceramic,,401,potted,fibrous,,ceramic,foliage,,,,,,,451,potted,frilly,stained,foliage,,431,vase,,,glass,,381,book,grooved,striped,paper,,391,chair,,striped,wood,fabric,431,couch,,,fabric,,,,,,,,411,chair,,,wood,fabric,401,chair,,,wood,leather,391,couch,wrinkled,,leather,,391,dining,stratified,,wood,,491,chair,,,leather,plastic
,,,,,,421,dining,,,wood,,401,tv,,,glass,plastic,401,potted,fibrous,blotchy,foliage,,391,tv,,,plastic,,431,chair,,stained,fabric,wood,411,bed,waffled,chequered,fabric,metal,401,potted,fibrous,,wood,,431,chair,,,fabric,wood,391,couch,,,fabric,,,,,,,,,,,,,,441,potted,fibrous,stained,foliage,ceramic,411,vase,,,metal,,411,potted,fibrous,blotchy,foliage,,441,potted,frilly,,foliage,,391,potted,frilly,blotchy,wood,foliage,391,potted,fibrous,,ceramic,foliage,411,chair,,striped,fabric,wood,391,potted,frilly,,foliage,glass,,,,,,,451,vase,bumpy,swirly,ceramic,,411,potted,frilly,blotchy,ceramic,foliage,,,,,,,461,potted,frilly,stained,foliage,,441,vase,fibrous,lined,wood,foliage,391,book,grooved,striped,paper,,401,chair,,striped,wood,fabric,441,couch,studded,dotted,leather,,,,,,,,421,couch,,,fabric,,411,chair,,,wood,leather,401,couch,wrinkled,,leather,,401,toilet,,,ceramic,,501,couch,,,fabric,
,,,,,,431,dining,,stained,wood,,,,,,,,411,potted,fibrous,blotchy,foliage,,401,tv,,,metal,glass,441,chair,woven,interlaced,wood,fabric,421,bed,waffled,chequered,fabric,wood,411,potted,frilly,stained,ceramic,foliage,441,chair,,,fabric,wood,401,couch,,,fabric,wood,,,,,,,,,,,,,471,potted,fibrous,stained,foliage,ceramic,421,vase,veined,,ceramic,,421,potted,fibrous,lined,ceramic,foliage,451,potted,fibrous,blotchy,ceramic,foliage,401,potted,frilly,blotchy,metal,foliage,401,potted,fibrous,,ceramic,foliage,421,chair,,striped,fabric,wood,401,potted,fibrous,,ceramic,foliage,,,,,,,461,vase,bumpy,swirly,ceramic,,421,potted,frilly,blotchy,ceramic,foliage,,,,,,,471,potted,gauzy,striped,ceramic,foliage,451,bottle,,swirly,plastic,,401,book,grooved,striped,paper,,411,chair,,striped,wood,fabric,451,potted,fibrous,,ceramic,foliage,,,,,,,431,couch,,,wood,fabric,421,chair,,,wood,leather,411,potted,gauzy,,ceramic,foliage,411,toilet,,,ceramic,,511,couch,,,fabric,
,,,,,,441,toilet,,,ceramic,,,,,,,,431,potted,fibrous,blotchy,foliage,wood,411,tv,,,wood,glass,451,chair,,,fabric,wood,431,bed,waffled,lined,fabric,wood,421,bed,,dotted,wood,fabric,451,chair,,,fabric,wood,411,couch,,,fabric,,,,,,,,,,,,,,481,potted,fibrous,blotchy,foliage,metal,431,vase,veined,,ceramic,,431,potted,fibrous,,wood,,461,potted,fibrous,blotchy,ceramic,foliage,411,potted,frilly,blotchy,wood,foliage,411,potted,,,ceramic,foliage,431,chair,woven,interlaced,fabric,wood,411,potted,fibrous,,ceramic,foliage,,,,,,,471,wine,,,glass,,431,bed,,,fabric,wood,,,,,,,481,potted,frilly,stained,ceramic,foliage,461,bowl,,swirly,ceramic,,411,book,grooved,striped,paper,,421,chair,,striped,wood,fabric,461,potted,fibrous,,ceramic,foliage,,,,,,,441,couch,,,fabric,,431,chair,,striped,wood,fabric,421,potted,gauzy,,ceramic,foliage,421,toilet,,,ceramic,,521,couch,,,fabric,
,,,,,,451,toilet,,,ceramic,,,,,,,,441,potted,fibrous,stained,ceramic,foliage,421,tv,,,wood,glass,461,chair,,stained,fabric,wood,441,bed,,,fabric,wood,431,bed,waffled,interlaced,fabric,,461,chair,,,wood,,421,couch,,,fabric,wood,,,,,,,,,,,,,491,potted,fibrous,blotchy,foliage,metal,441,vase,grooved,dotted,metal,,441,potted,fibrous,,wood,ceramic,471,potted,gauzy,blotchy,ceramic,foliage,421,potted,frilly,blotchy,ceramic,foliage,421,potted,matted,,stone,foliage,441,chair,,,fabric,,421,potted,,,,,,,,,,,481,wine,,,glass,,441,bed,,,fabric,,,,,,,,501,bed,,paisley,fabric,,471,bowl,,swirly,ceramic,,421,book,grooved,striped,paper,,431,chair,woven,interlaced,wood,fabric,471,potted,fibrous,,ceramic,foliage,,,,,,,451,couch,,,fabric,,441,chair,,striped,wood,fabric,431,potted,,,foliage,,431,toilet,,,ceramic,,531,couch,,,fabric,
,,,,,,461,toilet,,,ceramic,,,,,,,,451,potted,fibrous,stained,ceramic,foliage,,,,,,,471,chair,,paisley,fabric,wood,451,dining,,,wood,,441,bed,waffled,interlaced,fabric,,471,chair,,stained,wood,leather,431,couch,,,fabric,wood,,,,,,,,,,,,,501,bed,waffled,,fabric,wood,451,vase,bumpy,grid,ceramic,,451,potted,fibrous,,ceramic,foliage,481,potted,gauzy,lined,ceramic,foliage,431,potted,fibrous,,fabric,foliage,431,potted,,,,,451,chair,studded,dotted,fabric,wood,431,potted,frilly,,ceramic,foliage,,,,,,,491,wine,,,glass,,451,bed,,paisley,fabric,metal,,,,,,,511,bed,,lined,fabric,wood,481,bench,,stained,wood,,431,book,grooved,striped,paper,,441,chair,woven,interlaced,wood,fabric,481,potted,frilly,,glass,foliage,,,,,,,461,potted,fibrous,stained,ceramic,wood,451,chair,,striped,wood,fabric,441,potted,frilly,blotchy,ceramic,foliage,441,toilet,,,ceramic,,541,bed,,paisley,fabric,wood
,,,,,,471,toilet,,,ceramic,,,,,,,,461,potted,frilly,blotchy,foliage,,,,,,,,481,chair,studded,,leather,wood,461,dining,,,wood,,451,bed,,,fabric,metal,481,chair,,stained,wood,leather,441,potted,fibrous,blotchy,ceramic,foliage,,,,,,,,,,,,,511,bed,waffled,,fabric,wood,461,vase,,stained,ceramic,,461,potted,fibrous,,foliage,,491,potted,fibrous,blotchy,ceramic,foliage,451,potted,,,,,441,potted,,,,,461,chair,woven,interlaced,fabric,wood,441,potted,frilly,blotchy,foliage,,,,,,,,511,wine,,,glass,,461,tv,,,plastic,glass,,,,,,,521,dining,,,wood,,491,toilet,,stained,ceramic,wood,441,book,grooved,striped,paper,,451,chair,woven,interlaced,wood,fabric,491,potted,frilly,blotchy,metal,foliage,,,,,,,471,potted,fibrous,,metal,foliage,461,chair,,striped,wood,fabric,451,potted,,blotchy,glass,foliage,451,tv,,,plastic,glass,551,bed,,lined,fabric,wood
,,,,,,481,tv,,,plastic,glass,,,,,,,471,potted,frilly,blotchy,foliage,metal,,,,,,,491,chair,,,fabric,wood,471,toilet,,,ceramic,,461,bed,,paisley,fabric,,491,chair,,grid,fabric,wood,451,potted,frilly,blotchy,ceramic,foliage,,,,,,,,,,,,,521,dining,,,wood,,471,vase,,,glass,,471,potted,fibrous,blotchy,foliage,glass,501,potted,fibrous,,foliage,,461,potted,gauzy,stained,ceramic,foliage,451,potted,,,,,471,chair,,,fabric,wood,451,potted,frilly,blotchy,foliage,,,,,,,,521,wine,,,glass,,471,tv,,,plastic,glass,,,,,,,531,dining,,,metal,glass,501,toilet,,,ceramic,,451,book,grooved,striped,paper,,461,chair,woven,interlaced,wood,fabric,501,potted,fibrous,,glass,wood,,,,,,,481,potted,fibrous,,foliage,,471,couch,,,fabric,,461,potted,gauzy,,ceramic,foliage,461,tv,,,plastic,glass,561,bed,,lined,fabric,wood
,,,,,,491,tv,,,plastic,glass,,,,,,,481,potted,fibrous,blotchy,foliage,,,,,,,,501,chair,,paisley,fabric,wood,481,toilet,,,ceramic,,471,dining,,,wood,,501,chair,,,fabric,wood,461,potted,fibrous,blotchy,ceramic,foliage,,,,,,,,,,,,,531,dining,,,wood,,481,vase,woven,interlaced,ceramic,,481,potted,frilly,blotchy,ceramic,foliage,511,potted,,,metal,,471,potted,,dotted,ceramic,foliage,461,bed,,paisley,fabric,wood,481,chair,,,fabric,wood,461,potted,gauzy,stained,ceramic,foliage,,,,,,,531,wine,,,glass,,481,tv,,,plastic,glass,,,,,,,,,,,,,511,toilet,,stained,ceramic,wood,461,book,grooved,striped,paper,,471,chair,knitted,interlaced,plastic,fabric,511,potted,fibrous,swirly,glass,foliage,,,,,,,491,potted,frilly,blotchy,ceramic,foliage,481,couch,,,fabric,,471,potted,,blotchy,glass,foliage,471,keyboard,bumpy,,plastic,,571,bed,,swirly,fabric,wood
,,,,,,501,microwave,,,metal,glass,,,,,,,491,potted,fibrous,blotchy,foliage,wood,,,,,,,511,chair,,,fabric,wood,491,toilet,,,ceramic,,481,toilet,,,ceramic,,511,chair,,,wood,,471,potted,fibrous,,foliage,,,,,,,,,,,,,,541,dining,,,wood,,491,vase,,grid,glass,,491,potted,frilly,blotchy,ceramic,foliage,521,potted,frilly,blotchy,ceramic,foliage,481,bed,,lined,fabric,,471,bed,,paisley,fabric,wood,491,couch,,,fabric,,471,potted,,,foliage,,,,,,,,541,wine,,,glass,,,,,,,,,,,,,,,,,,,,521,toilet,,,ceramic,,471,book,grooved,striped,paper,,481,chair,bumpy,,plastic,fabric,521,potted,fibrous,swirly,glass,foliage,,,,,,,501,potted,fibrous,blotchy,ceramic,foliage,491,potted,fibrous,,wood,,481,potted,fibrous,blotchy,foliage,ceramic,481,oven,,,metal,glass,581,dining,,paisley,fabric,wood
,,,,,,511,oven,,,metal,glass,,,,,,,501,potted,fibrous,blotchy,foliage,wood,,,,,,,521,chair,,,fabric,,501,toilet,,,ceramic,,491,toilet,,,ceramic,,521,couch,potholed,,fabric,wood,491,potted,fibrous,blotchy,ceramic,foliage,,,,,,,,,,,,,551,toilet,,,ceramic,,501,bowl,,lined,wood,,501,potted,gauzy,stained,foliage,metal,531,potted,fibrous,stained,metal,wood,491,dining,,stained,wood,,481,dining,,,wood,,501,couch,,,fabric,,481,potted,fibrous,,ceramic,foliage,,,,,,,551,wine,,,glass,,,,,,,,,,,,,,,,,,,,531,chair,,,wood,fabric,481,book,grooved,striped,paper,,491,chair,bumpy,,plastic,fabric,531,potted,fibrous,,ceramic,foliage,,,,,,,511,potted,fibrous,blotchy,foliage,,501,potted,fibrous,,foliage,ceramic,491,potted,,,foliage,,491,sink,,,ceramic,,591,dining,meshed,grid,metal,
,,,,,,521,sink,,,metal,,,,,,,,511,potted,fibrous,blotchy,foliage,,,,,,,,531,chair,,,fabric,wood,511,toilet,,,ceramic,,501,toilet,,,ceramic,,531,couch,,,fabric,,501,potted,frilly,blotchy,ceramic,foliage,,,,,,,,,,,,,561,toilet,,,ceramic,,511,bowl,,,ceramic,,511,potted,frilly,blotchy,foliage,metal,541,potted,frilly,swirly,ceramic,foliage,,,,,,,491,dining,,,wood,,511,potted,fibrous,blotchy,foliage,fabric,491,potted,,,foliage,,,,,,,,561,wine,,,glass,,,,,,,,,,,,,,,,,,,,541,chair,,,wood,fabric,491,book,grooved,striped,paper,,501,chair,woven,interlaced,wood,fabric,541,potted,fibrous,,ceramic,foliage,,,,,,,521,potted,bumpy,blotchy,ceramic,foliage,511,potted,fibrous,,foliage,ceramic,501,potted,frilly,,foliage,,501,sink,,,ceramic,,601,dining,,,glass,wood
,,,,,,531,sink,,,ceramic,,,,,,,,521,potted,fibrous,blotchy,ceramic,foliage,,,,,,,541,chair,studded,,leather,wood,521,tv,,,plastic,glass,511,tv,,,plastic,glass,541,potted,fibrous,blotchy,foliage,ceramic,511,potted,fibrous,blotchy,ceramic,foliage,,,,,,,,,,,,,571,toilet,,,ceramic,,521,chair,,,wood,,521,potted,fibrous,,ceramic,foliage,551,bed,,,fabric,,,,,,,,,,,,,,521,potted,,,,,501,bed,,lined,fabric,,,,,,,,571,wine,,,glass,,,,,,,,,,,,,,,,,,,,551,chair,,,wood,fabric,501,book,grooved,striped,paper,,511,chair,woven,interlaced,wood,fabric,561,bed,,,fabric,,,,,,,,531,potted,fibrous,blotchy,ceramic,foliage,521,potted,fibrous,,foliage,ceramic,511,potted,fibrous,,foliage,ceramic,511,sink,,,metal,,611,tv,,,plastic,glass
,,,,,,541,sink,,,ceramic,,,,,,,,531,potted,fibrous,stained,foliage,metal,,,,,,,551,chair,,,wood,fabric,531,tv,,,plastic,glass,521,oven,,,metal,glass,551,potted,frilly,blotchy,foliage,,521,potted,frilly,blotchy,ceramic,foliage,,,,,,,,,,,,,591,laptop,bumpy,,plastic,,531,chair,,,wood,,541,bed,waffled,grid,fabric,wood,561,dining,,,wood,,,,,,,,,,,,,,531,potted,,,,,511,bed,,zigzagged,fabric,wood,,,,,,,581,bowl,,swirly,ceramic,,,,,,,,,,,,,,,,,,,,561,chair,,stained,wood,,511,book,grooved,striped,paper,,521,chair,,,wood,,571,bed,waffled,swirly,fabric,,,,,,,,541,potted,frilly,blotchy,foliage,,531,potted,fibrous,,foliage,ceramic,521,potted,fibrous,,foliage,ceramic,521,sink,,,ceramic,,621,tv,,,plastic,glass
,,,,,,551,sink,,,ceramic,,,,,,,,541,potted,frilly,blotchy,foliage,metal,,,,,,,561,chair,,,fabric,metal,541,tv,,,plastic,glass,531,sink,,,ceramic,,561,potted,frilly,blotchy,foliage,glass,531,potted,fibrous,blotchy,ceramic,foliage,,,,,,,,,,,,,601,cell,bumpy,,plastic,,541,chair,,,wood,,551,bed,,,fabric,leather,571,dining,,,wood,,,,,,,,,,,,,,541,potted,gauzy,stained,foliage,ceramic,521,bed,,,fabric,wood,,,,,,,591,bowl,woven,swirly,fabric,,,,,,,,,,,,,,,,,,,,571,chair,,stained,wood,,521,book,grooved,striped,paper,,531,couch,,,fabric,,601,bed,waffled,zigzagged,fabric,,,,,,,,551,potted,gauzy,,metal,foliage,541,potted,frilly,,foliage,,531,potted,frilly,,foliage,ceramic,531,refrigerator,,,metal,,631,tv,,,plastic,
,,,,,,561,sink,,,ceramic,,,,,,,,551,potted,fibrous,,foliage,glass,,,,,,,571,couch,wrinkled,,fabric,,551,tv,,,plastic,glass,541,sink,,,ceramic,,581,potted,gauzy,stained,foliage,,541,potted,frilly,blotchy,ceramic,foliage,,,,,,,,,,,,,611,microwave,,,glass,metal,551,chair,,,wood,,561,bed,wrinkled,,fabric,,,,,,,,,,,,,,,,,,,,551,potted,gauzy,stained,foliage,metal,531,dining,,,wood,,,,,,,,601,bowl,,,metal,,,,,,,,,,,,,,,,,,,,581,chair,,,leather,,531,book,grooved,striped,paper,,541,couch,,grid,fabric,,611,dining,,,wood,,,,,,,,561,potted,fibrous,,ceramic,foliage,551,potted,frilly,,foliage,ceramic,541,potted,fibrous,,foliage,ceramic,541,refrigerator,,,metal,,641,remote,bumpy,,plastic,
,,,,,,571,sink,,,ceramic,,,,,,,,561,potted,frilly,stained,foliage,wood,,,,,,,581,couch,,,fabric,,561,tv,,,plastic,glass,551,sink,,,ceramic,,591,potted,gauzy,stained,foliage,ceramic,551,potted,frilly,blotchy,foliage,,,,,,,,,,,,,,621,microwave,,,glass,metal,561,chair,,,wood,,571,__background__,,,,,,,,,,,,,,,,,,,,,,,561,potted,fibrous,,foliage,metal,,,,,,,,,,,,,611,bowl,,,ceramic,,,,,,,,,,,,,,,,,,,,591,chair,,stained,wood,,541,book,grooved,striped,paper,,551,couch,,grid,fabric,,621,dining,,,wood,,,,,,,,571,potted,,,foliage,,561,potted,fibrous,,foliage,ceramic,551,potted,gauzy,,foliage,ceramic,551,book,,stained,paper,,651,keyboard,bumpy,,plastic,
,,,,,,581,sink,,,ceramic,,,,,,,,571,potted,frilly,stained,foliage,wood,,,,,,,591,couch,,,fabric,metal,571,tv,,,plastic,glass,561,sink,,,ceramic,,601,potted,frilly,blotchy,foliage,ceramic,561,potted,frilly,blotchy,foliage,,,,,,,,,,,,,,631,oven,,,glass,metal,571,chair,,,wood,,581,dining,stratified,striped,wood,,,,,,,,,,,,,,,,,,,,571,potted,gauzy,stained,foliage,ceramic,,,,,,,,,,,,,621,bowl,,stained,ceramic,,,,,,,,,,,,,,,,,,,,601,chair,,stained,wood,,551,book,grooved,striped,paper,,561,potted,frilly,blotchy,foliage,,631,dining,,,wood,,,,,,,,581,potted,fibrous,,ceramic,foliage,571,potted,gauzy,,foliage,wood,561,potted,gauzy,,foliage,ceramic,561,vase,,,glass,,661,microwave,,,glass,metal
,,,,,,591,refrigerator,,,metal,,,,,,,,581,potted,frilly,stained,foliage,wood,,,,,,,601,potted,frilly,blotchy,foliage,wood,581,tv,,,plastic,glass,571,refrigerator,,,metal,,611,potted,fibrous,blotchy,foliage,metal,571,potted,fibrous,,ceramic,foliage,,,,,,,,,,,,,641,oven,,,glass,metal,581,chair,,,wood,,591,dining,stratified,striped,wood,,,,,,,,,,,,,,,,,,,,581,potted,frilly,zigzagged,foliage,ceramic,,,,,,,,,,,,,631,bench,,,wood,leather,,,,,,,,,,,,,,,,,,,611,chair,wrinkled,,leather,wood,561,book,grooved,striped,paper,,571,potted,frilly,blotchy,foliage,,641,dining,,,wood,,,,,,,,591,potted,fibrous,,glass,foliage,581,potted,fibrous,,foliage,ceramic,571,potted,frilly,,foliage,ceramic,571,vase,,,glass,,671,oven,,,glass,metal
,,,,,,601,book,grooved,stained,paper,,,,,,,,591,bed,wrinkled,,fabric,,,,,,,,611,potted,frilly,blotchy,foliage,glass,591,remote,bumpy,,plastic,,581,book,veined,stained,paper,,621,potted,frilly,blotchy,foliage,,581,potted,fibrous,blotchy,ceramic,foliage,,,,,,,,,,,,,651,oven,,,oven,,591,chair,,,wood,,601,dining,,,,,,,,,,,,,,,,,,,,,,,591,potted,,,,,,,,,,,,,,,,,641,bottle,,stained,glass,,,,,,,,,,,,,,,,,,,,621,chair,,swirly,fabric,wood,571,book,grooved,striped,paper,,581,potted,frilly,blotchy,foliage,metal,651,toilet,,,ceramic,,,,,,,,601,potted,fibrous,,glass,foliage,591,potted,frilly,,foliage,ceramic,581,potted,fibrous,blotchy,foliage,ceramic,591,vase,,,metal,,681,sink,,,metal,
,,,,,,611,book,grooved,stained,paper,,,,,,,,601,bed,wrinkled,,fabric,,,,,,,,621,potted,frilly,blotchy,foliage,ceramic,601,keyboard,bumpy,,plastic,,591,book,veined,stained,paper,,641,bed,meshed,zigzagged,wood,fabric,591,potted,fibrous,blotchy,ceramic,foliage,,,,,,,,,,,,,661,sink,,,ceramic,,601,chair,,,leather,,611,toilet,,,ceramic,,,,,,,,,,,,,,,,,,,,601,bed,,swirly,fabric,,,,,,,,,,,,,,651,toilet,,,ceramic,,,,,,,,,,,,,,,,,,,,631,chair,,swirly,fabric,wood,581,book,grooved,striped,paper,,591,potted,fibrous,,foliage,metal,661,toilet,,,ceramic,,,,,,,,611,potted,fibrous,,glass,foliage,601,potted,fibrous,,foliage,ceramic,591,potted,fibrous,,foliage,metal,601,vase,perforated,,ceramic,,691,sink,,,ceramic,
,,,,,,621,book,grooved,stained,paper,,,,,,,,611,dining,braided,,wood,glass,,,,,,,631,potted,frilly,blotchy,foliage,,611,microwave,,,metal,glass,601,book,veined,stained,paper,,651,bed,waffled,stained,fabric,,601,bed,waffled,lined,fabric,,,,,,,,,,,,,,681,sink,,,metal,,611,chair,,paisley,fabric,wood,621,toilet,,,ceramic,,,,,,,,,,,,,,,,,,,,611,bed,wrinkled,,fabric,,,,,,,,,,,,,,661,toilet,,,ceramic,,,,,,,,,,,,,,,,,,,,641,chair,,stained,leather,wood,591,book,grooved,striped,paper,,601,potted,frilly,blotchy,foliage,metal,671,toilet,,,ceramic,,,,,,,,621,potted,fibrous,blotchy,ceramic,foliage,621,potted,fibrous,,foliage,metal,601,potted,fibrous,,foliage,ceramic,611,vase,,,glass,,701,sink,,,ceramic,
,,,,,,631,book,grooved,stained,paper,,,,,,,,621,toilet,,,ceramic,,,,,,,,641,potted,frilly,blotchy,foliage,,621,oven,,,metal,glass,611,book,grooved,stained,paper,,661,bed,,,wood,fabric,611,bed,,lined,fabric,,,,,,,,,,,,,,691,sink,,,ceramic,,621,chair,,,wood,,631,toilet,,,ceramic,,,,,,,,,,,,,,,,,,,,621,dining,,,wood,,,,,,,,,,,,,,671,toilet,,,ceramic,,,,,,,,,,,,,,,,,,,,651,chair,,stained,leather,wood,601,book,grooved,striped,paper,,611,potted,,,foliage,,691,tv,,,plastic,glass,,,,,,,631,potted,fibrous,,ceramic,foliage,631,bed,,paisley,fabric,,611,potted,fibrous,swirly,foliage,ceramic,,,,,,,711,refrigerator,,,metal,
,,,,,,641,book,grooved,stained,paper,,,,,,,,631,toilet,,,ceramic,,,,,,,,651,potted,frilly,blotchy,foliage,glass,631,sink,,,ceramic,,621,book,grooved,stained,paper,,671,bed,,,wood,fabric,621,bed,waffled,lined,fabric,,,,,,,,,,,,,,701,sink,,,ceramic,,631,chair,,,wood,,641,toilet,,,ceramic,,,,,,,,,,,,,,,,,,,,,,,,,,,,,,,,,,,,,,681,toilet,,,ceramic,,,,,,,,,,,,,,,,,,,,661,couch,wrinkled,,leather,,611,book,grooved,striped,paper,,621,potted,,,foliage,,701,laptop,bumpy,,plastic,,,,,,,,641,potted,gauzy,,metal,foliage,641,bed,,striped,fabric,wood,621,potted,frilly,,foliage,metal,,,,,,,721,book,grooved,striped,paper,
,,,,,,661,book,grooved,stained,paper,,,,,,,,641,toilet,,,ceramic,,,,,,,,671,bed,,paisley,fabric,wood,641,sink,,,ceramic,,631,vase,,smeared,ceramic,,681,bed,meshed,paisley,wood,fabric,631,bed,,,fabric,,,,,,,,,,,,,,711,sink,,,ceramic,,641,chair,woven,interlaced,plastic,fabric,651,tv,,,plastic,glass,,,,,,,,,,,,,,,,,,,,,,,,,,,,,,,,,,,,,691,chair,bumpy,,wood,fabric,,,,,,,,,,,,,,,,,,,671,couch,,lined,fabric,,621,book,grooved,striped,paper,,631,potted,frilly,blotchy,foliage,ceramic,711,laptop,bumpy,,plastic,glass,,,,,,,651,bed,,lined,fabric,wood,651,bed,,swirly,fabric,,631,potted,,blotchy,foliage,glass,,,,,,,731,book,grooved,striped,paper,
,,,,,,671,book,grooved,stained,paper,,,,,,,,651,tv,,,plastic,,,,,,,,681,bed,waffled,grid,fabric,wood,651,sink,,,ceramic,,641,vase,,smeared,ceramic,,691,dining,,striped,wood,,641,dining,,,metal,,,,,,,,,,,,,,721,sink,,,ceramic,,651,chair,woven,interlaced,plastic,fabric,661,tv,,,plastic,glass,,,,,,,,,,,,,,,,,,,,,,,,,,,,,,,,,,,,,701,chair,,lined,wood,,,,,,,,,,,,,,,,,,,,681,potted,fibrous,stained,ceramic,foliage,631,book,grooved,striped,paper,,641,potted,fibrous,blotchy,foliage,ceramic,721,microwave,,,glass,metal,,,,,,,661,bed,,lined,fabric,wood,661,bed,,,fabric,,641,bed,,swirly,fabric,wood,,,,,,,741,book,grooved,striped,paper,
,,,,,,681,book,grooved,stained,paper,,,,,,,,661,tv,,,plastic,,,,,,,,691,dining,,striped,wood,,661,sink,,,ceramic,,651,vase,,,glass,,701,tv,,,plastic,glass,651,dining,,stained,wood,,,,,,,,,,,,,,731,sink,,,ceramic,,661,chair,,,leather,,671,tv,,,plastic,glass,,,,,,,,,,,,,,,,,,,,,,,,,,,,,,,,,,,,,711,chair,bumpy,,wood,fabric,,,,,,,,,,,,,,,,,,,691,potted,fibrous,stained,plastic,foliage,641,book,grooved,striped,paper,,651,potted,frilly,blotchy,foliage,,731,oven,,,glass,metal,,,,,,,671,bed,,,fabric,,671,dining,,,wood,,651,bed,,swirly,fabric,,,,,,,,751,book,grooved,striped,paper,
,,,,,,691,book,grooved,stained,paper,,,,,,,,671,microwave,,,metal,glass,,,,,,,701,dining,,,wood,,671,sink,,,ceramic,,661,vase,,smeared,ceramic,,,,,,,,661,tv,,,plastic,glass,,,,,,,,,,,,,741,sink,,,ceramic,,671,chair,,grid,fabric,wood,681,keyboard,bumpy,,plastic,,,,,,,,,,,,,,,,,,,,,,,,,,,,,,,,,,,,,,721,chair,,lined,wood,,,,,,,,,,,,,,,,,,,,701,potted,gauzy,,ceramic,foliage,651,book,grooved,striped,paper,,661,potted,fibrous,,foliage,metal,761,sink,,,ceramic,,,,,,,,681,bed,,,fabric,wood,681,dining,,,wood,,661,bed,waffled,,fabric,,,,,,,,761,book,grooved,striped,paper,
,,,,,,701,book,grooved,stained,paper,,,,,,,,681,oven,bumpy,,metal,glass,,,,,,,711,dining,bumpy,,wood,,681,sink,,,ceramic,,671,vase,,,glass,,,,,,,,671,tv,,,plastic,glass,,,,,,,,,,,,,751,refrigerator,,,metal,,681,chair,,grid,fabric,wood,691,keyboard,bumpy,,plastic,,,,,,,,,,,,,,,,,,,,,,,,,,,,,,,,,,,,,,731,chair,,lined,wood,,,,,,,,,,,,,,,,,,,,711,potted,gauzy,,ceramic,,661,book,grooved,striped,paper,,671,potted,frilly,blotchy,foliage,ceramic,771,sink,,,ceramic,,,,,,,,691,bed,,,fabric,wood,691,dining,,,wood,,671,dining,,,wood,,,,,,,,771,book,grooved,striped,paper,
,,,,,,711,book,grooved,stained,paper,,,,,,,,691,sink,bumpy,stained,metal,,,,,,,,721,tv,,,plastic,glass,691,refrigerator,,,metal,,,,,,,,,,,,,,,,,,,,,,,,,,,,,,,,761,refrigerator,,,metal,,691,chair,,,wood,,701,keyboard,bumpy,,wood,,,,,,,,,,,,,,,,,,,,,,,,,,,,,,,,,,,,,,741,chair,bumpy,,wood,fabric,,,,,,,,,,,,,,,,,,,721,potted,frilly,blotchy,ceramic,foliage,671,book,grooved,striped,paper,,681,potted,frilly,blotchy,foliage,ceramic,781,sink,,,ceramic,,,,,,,,701,dining,,,wood,,701,dining,,marbled,wood,polished stone,681,dining,,stained,wood,,,,,,,,781,book,grooved,striped,paper,
,,,,,,721,book,grooved,stained,paper,,,,,,,,701,sink,,,metal,,,,,,,,731,tv,,,plastic,glass,711,book,,stained,paper,,,,,,,,,,,,,,,,,,,,,,,,,,,,,,,,771,book,,stained,paper,,701,couch,studded,,leather,,711,keyboard,bumpy,,wood,,,,,,,,,,,,,,,,,,,,,,,,,,,,,,,,,,,,,,751,chair,bumpy,,wood,fabric,,,,,,,,,,,,,,,,,,,731,potted,fibrous,stained,ceramic,foliage,681,book,grooved,striped,paper,,691,potted,gauzy,stained,foliage,metal,791,sink,,,metal,,,,,,,,711,dining,,,wood,,711,dining,,,wood,,691,dining,,,wood,,,,,,,,791,book,grooved,striped,paper,
,,,,,,731,book,grooved,stained,paper,,,,,,,,711,sink,,,ceramic,,,,,,,,,,,,,,721,clock,,,wood,glass,,,,,,,,,,,,,,,,,,,,,,,,,,,,,,,781,book,veined,stained,paper,,711,couch,,,leather,metal,721,microwave,,,metal,glass,,,,,,,,,,,,,,,,,,,,,,,,,,,,,,,,,,,,,761,chair,,,wood,fabric,,,,,,,,,,,,,,,,,,,741,potted,frilly,blotchy,ceramic,foliage,691,book,grooved,striped,paper,,701,potted,gauzy,stained,foliage,metal,801,refrigerator,,,metal,,,,,,,,721,dining,,,wood,,721,toilet,,,ceramic,,701,dining,,,wood,,,,,,,,801,book,grooved,striped,paper,
,,,,,,741,book,grooved,stained,paper,,,,,,,,721,sink,,,ceramic,,,,,,,,,,,,,,731,clock,,,metal,,,,,,,,,,,,,,,,,,,,,,,,,,,,,,,,791,vase,bumpy,grid,metal,,721,couch,,,fabric,,731,microwave,,,metal,glass,,,,,,,,,,,,,,,,,,,,,,,,,,,,,,,,,,,,,771,chair,,lined,fabric,,,,,,,,,,,,,,,,,,,,751,potted,,,,,701,book,grooved,striped,paper,,711,potted,frilly,blotchy,foliage,ceramic,811,book,grooved,,paper,,,,,,,,731,toilet,,,ceramic,,731,toilet,,,ceramic,,711,tv,,,plastic,,,,,,,,811,book,grooved,striped,paper,
,,,,,,751,book,grooved,stained,paper,,,,,,,,731,sink,,,ceramic,,,,,,,,,,,,,,741,clock,,,wood,,,,,,,,,,,,,,,,,,,,,,,,,,,,,,,,801,vase,,,ceramic,,731,potted,frilly,blotchy,foliage,,741,oven,,,metal,glass,,,,,,,,,,,,,,,,,,,,,,,,,,,,,,,,,,,,,781,chair,,lined,fabric,,,,,,,,,,,,,,,,,,,,761,potted,frilly,blotchy,glass,foliage,711,book,grooved,striped,paper,,721,potted,frilly,,foliage,glass,831,clock,,,metal,,,,,,,,741,toilet,,,ceramic,,751,toilet,,,ceramic,,,,,,,,,,,,,,821,book,grooved,striped,paper,
,,,,,,761,book,grooved,stained,paper,,,,,,,,741,sink,,,ceramic,,,,,,,,,,,,,,751,vase,,,glass,,,,,,,,,,,,,,,,,,,,,,,,,,,,,,,,811,vase,bumpy,dotted,metal,,741,bed,waffled,,fabric,,751,oven,,,metal,glass,,,,,,,,,,,,,,,,,,,,,,,,,,,,,,,,,,,,,791,chair,,,wood,,,,,,,,,,,,,,,,,,,,771,potted,frilly,,foliage,,721,book,grooved,striped,paper,,731,potted,fibrous,,foliage,glass,841,clock,,,metal,glass,,,,,,,751,toilet,,,ceramic,,761,toilet,,,ceramic,,,,,,,,,,,,,,831,book,grooved,striped,paper,
,,,,,,771,book,grooved,stained,paper,,,,,,,,751,sink,,,metal,,,,,,,,,,,,,,761,vase,,,glass,,,,,,,,,,,,,,,,,,,,,,,,,,,,,,,,821,vase,,,glass,,751,bed,,paisley,fabric,wood,761,sink,,,metal,,,,,,,,,,,,,,,,,,,,,,,,,,,,,,,,,,,,,,801,chair,,,wood,,,,,,,,,,,,,,,,,,,,781,potted,frilly,,foliage,,731,book,grooved,striped,paper,,741,bed,,swirly,fabric,metal,851,vase,,swirly,glass,,,,,,,,761,tv,,,plastic,glass,771,tv,,,plastic,,,,,,,,,,,,,,841,book,grooved,striped,paper,
,,,,,,781,book,grooved,stained,paper,,,,,,,,761,refrigerator,,,metal,,,,,,,,,,,,,,771,vase,,paisley,ceramic,,,,,,,,,,,,,,,,,,,,,,,,,,,,,,,,831,vase,,,ceramic,,761,bed,wrinkled,paisley,fabric,,771,sink,,,ceramic,,,,,,,,,,,,,,,,,,,,,,,,,,,,,,,,,,,,,,811,chair,woven,interlaced,fabric,wood,,,,,,,,,,,,,,,,,,,791,potted,frilly,,foliage,,741,book,grooved,striped,paper,,751,bed,,lined,fabric,wood,861,vase,,swirly,glass,,,,,,,,771,tv,,,plastic,,781,tv,,,plastic,glass,,,,,,,,,,,,,851,book,,,paper,
,,,,,,791,book,,,plastic,,,,,,,,771,book,veined,stained,paper,,,,,,,,,,,,,,,,,,,,,,,,,,,,,,,,,,,,,,,,,,,,,,,,,,,,,,,,771,bed,,paisley,fabric,,781,refrigerator,,,metal,,,,,,,,,,,,,,,,,,,,,,,,,,,,,,,,,,,,,,821,chair,woven,interlaced,fabric,wood,,,,,,,,,,,,,,,,,,,801,potted,fibrous,,wood,foliage,751,book,grooved,striped,paper,,761,bed,waffled,paisley,fabric,,871,vase,,,ceramic,,,,,,,,781,laptop,,,plastic,,791,tv,,,plastic,glass,,,,,,,,,,,,,861,book,grooved,striped,paper,
,,,,,,801,book,grooved,,plastic,,,,,,,,781,book,,stained,paper,,,,,,,,,,,,,,,,,,,,,,,,,,,,,,,,,,,,,,,,,,,,,,,,,,,,,,,,781,dining,,stained,wood,,791,refrigerator,,,metal,,,,,,,,,,,,,,,,,,,,,,,,,,,,,,,,,,,,,,831,chair,,,wood,,,,,,,,,,,,,,,,,,,,821,potted,frilly,interlaced,wood,foliage,761,book,grooved,striped,paper,,771,bed,,grid,fabric,metal,891,vase,,striped,wood,,,,,,,,791,oven,bumpy,,metal,glass,801,laptop,bumpy,,plastic,,,,,,,,,,,,,,871,book,grooved,striped,paper,
,,,,,,811,book,grooved,,plastic,,,,,,,,791,clock,,,metal,glass,,,,,,,,,,,,,,,,,,,,,,,,,,,,,,,,,,,,,,,,,,,,,,,,,,,,,,,791,dining,,,wood,,801,book,grooved,striped,paper,,,,,,,,,,,,,,,,,,,,,,,,,,,,,,,,,,,,,,841,chair,woven,interlaced,plastic,fabric,,,,,,,,,,,,,,,,,,,831,potted,frilly,,foliage,,771,book,grooved,striped,paper,,781,dining,,,wood,,901,vase,,,ceramic,,,,,,,,801,toaster,,,metal,,811,laptop,bumpy,,plastic,glass,,,,,,,,,,,,,881,clock,,stained,metal,
,,,,,,821,book,grooved,stained,paper,,,,,,,,801,vase,,stained,ceramic,,,,,,,,,,,,,,,,,,,,,,,,,,,,,,,,,,,,,,,,,,,,,,,,,,,,,,,,801,dining,,marbled,wood,stone,811,book,grooved,striped,paper,,,,,,,,,,,,,,,,,,,,,,,,,,,,,,,,,,,,,,851,chair,,,wood,fabric,,,,,,,,,,,,,,,,,,,841,bed,knitted,,wood,fabric,781,book,grooved,striped,paper,,791,dining,,,wood,,,,,,,,,,,,,,811,sink,,,ceramic,,821,oven,,,glass,metal,,,,,,,,,,,,,891,clock,,,glass,wood
,,,,,,831,book,grooved,stained,paper,,,,,,,,811,vase,studded,chequered,ceramic,,,,,,,,,,,,,,,,,,,,,,,,,,,,,,,,,,,,,,,,,,,,,,,,,,,,,,,,811,toilet,,,ceramic,,821,book,grooved,striped,paper,,,,,,,,,,,,,,,,,,,,,,,,,,,,,,,,,,,,,,861,chair,woven,interlaced,fabric,wood,,,,,,,,,,,,,,,,,,,851,bed,,,wood,fabric,791,book,grooved,striped,paper,,,,,,,,,,,,,,,,,,,,821,sink,,,ceramic,,831,sink,,,metal,,,,,,,,,,,,,,901,vase,bumpy,,ceramic,
,,,,,,851,book,grooved,stained,paper,,,,,,,,821,vase,,lined,metal,,,,,,,,,,,,,,,,,,,,,,,,,,,,,,,,,,,,,,,,,,,,,,,,,,,,,,,,821,tv,,,plastic,glass,831,book,grooved,striped,paper,,,,,,,,,,,,,,,,,,,,,,,,,,,,,,,,,,,,,,871,chair,,paisley,fabric,,,,,,,,,,,,,,,,,,,,861,bed,,swirly,metal,fabric,801,book,grooved,striped,paper,,,,,,,,,,,,,,,,,,,,831,sink,,,ceramic,,841,sink,,,ceramic,,,,,,,,,,,,,,911,vase,bumpy,,ceramic,
,,,,,,861,book,grooved,stained,paper,,,,,,,,831,vase,bumpy,stained,ceramic,,,,,,,,,,,,,,,,,,,,,,,,,,,,,,,,,,,,,,,,,,,,,,,,,,,,,,,,,,,,,,841,clock,,,glass,metal,,,,,,,,,,,,,,,,,,,,,,,,,,,,,,,,,,,,,881,couch,,,fabric,,,,,,,,,,,,,,,,,,,,871,bed,waffled,,metal,fabric,811,book,grooved,striped,paper,,,,,,,,,,,,,,,,,,,,841,sink,,,ceramic,,851,sink,,,ceramic,,,,,,,,,,,,,,921,vase,,,ceramic,
,,,,,,871,book,grooved,stained,paper,,,,,,,,841,vase,woven,interlaced,wood,,,,,,,,,,,,,,,,,,,,,,,,,,,,,,,,,,,,,,,,,,,,,,,,,,,,,,,,,,,,,,851,vase,meshed,interlaced,ceramic,,,,,,,,,,,,,,,,,,,,,,,,,,,,,,,,,,,,,,891,couch,wrinkled,striped,fabric,,,,,,,,,,,,,,,,,,,,881,bed,waffled,,metal,fabric,821,book,grooved,striped,paper,,,,,,,,,,,,,,,,,,,,851,sink,,,ceramic,,861,sink,,,metal,,,,,,,,,,,,,,,,,,,
,,,,,,881,book,grooved,,plastic,,,,,,,,851,vase,,,glass,,,,,,,,,,,,,,,,,,,,,,,,,,,,,,,,,,,,,,,,,,,,,,,,,,,,,,,,,,,,,,861,vase,woven,interlaced,glass,fabric,,,,,,,,,,,,,,,,,,,,,,,,,,,,,,,,,,,,,901,couch,wrinkled,paisley,fabric,,,,,,,,,,,,,,,,,,,,891,dining,,,wood,,831,book,grooved,striped,paper,,,,,,,,,,,,,,,,,,,,861,sink,,,ceramic,,871,refrigerator,,,metal,,,,,,,,,,,,,,,,,,,
,,,,,,891,book,grooved,stained,paper,,,,,,,,,,,,,,,,,,,,,,,,,,,,,,,,,,,,,,,,,,,,,,,,,,,,,,,,,,,,,,,,,,,,,,,,,,871,vase,,,,,,,,,,,,,,,,,,,,,,,,,,,,,,,,,,,,,,,,,911,couch,wrinkled,,leather,,,,,,,,,,,,,,,,,,,,901,dining,,stained,wood,,841,book,grooved,striped,paper,,,,,,,,,,,,,,,,,,,,871,sink,,,ceramic,,881,book,grooved,striped,paper,,,,,,,,,,,,,,,,,,,
,,,,,,901,book,grooved,stained,paper,,,,,,,,,,,,,,,,,,,,,,,,,,,,,,,,,,,,,,,,,,,,,,,,,,,,,,,,,,,,,,,,,,,,,,,,,,881,vase,,swirly,ceramic,,,,,,,,,,,,,,,,,,,,,,,,,,,,,,,,,,,,,,921,couch,wrinkled,,leather,,,,,,,,,,,,,,,,,,,,911,tv,,,plastic,,851,book,grooved,striped,paper,,,,,,,,,,,,,,,,,,,,881,refrigerator,,,metal,,891,book,grooved,striped,paper,,,,,,,,,,,,,,,,,,,
,,,,,,911,book,grooved,stained,paper,,,,,,,,,,,,,,,,,,,,,,,,,,,,,,,,,,,,,,,,,,,,,,,,,,,,,,,,,,,,,,,,,,,,,,,,,,891,vase,scaly,,metal,,,,,,,,,,,,,,,,,,,,,,,,,,,,,,,,,,,,,,931,couch,,lined,fabric,,,,,,,,,,,,,,,,,,,,,,,,,,861,book,grooved,striped,paper,,,,,,,,,,,,,,,,,,,,901,book,grooved,striped,paper,,911,book,grooved,striped,paper,,,,,,,,,,,,,,,,,,,
,,,,,,931,book,grooved,stained,paper,,,,,,,,,,,,,,,,,,,,,,,,,,,,,,,,,,,,,,,,,,,,,,,,,,,,,,,,,,,,,,,,,,,,,,,,,,901,vase,woven,interlaced,glass,fabric,,,,,,,,,,,,,,,,,,,,,,,,,,,,,,,,,,,,,941,couch,wrinkled,paisley,fabric,,,,,,,,,,,,,,,,,,,,,,,,,,871,book,grooved,striped,paper,,,,,,,,,,,,,,,,,,,,911,book,grooved,striped,paper,,921,book,grooved,,paper,,,,,,,,,,,,,,,,,,,
,,,,,,941,clock,,,plastic,,,,,,,,,,,,,,,,,,,,,,,,,,,,,,,,,,,,,,,,,,,,,,,,,,,,,,,,,,,,,,,,,,,,,,,,,,911,vase,woven,interlaced,glass,fabric,,,,,,,,,,,,,,,,,,,,,,,,,,,,,,,,,,,,,951,couch,wrinkled,paisley,fabric,,,,,,,,,,,,,,,,,,,,,,,,,,881,book,grooved,striped,paper,,,,,,,,,,,,,,,,,,,,921,book,grooved,striped,paper,,941,book,,,paper,,,,,,,,,,,,,,,,,,,
,,,,,,951,clock,,,plastic,,,,,,,,,,,,,,,,,,,,,,,,,,,,,,,,,,,,,,,,,,,,,,,,,,,,,,,,,,,,,,,,,,,,,,,,,,921,vase,woven,interlaced,glass,fabric,,,,,,,,,,,,,,,,,,,,,,,,,,,,,,,,,,,,,961,potted,fibrous,blotchy,foliage,glass,,,,,,,,,,,,,,,,,,,,,,,,,891,book,grooved,striped,paper,,,,,,,,,,,,,,,,,,,,931,book,grooved,striped,paper,,951,book,,,paper,,,,,,,,,,,,,,,,,,,
,,,,,,961,vase,bumpy,stained,ceramic,,,,,,,,,,,,,,,,,,,,,,,,,,,,,,,,,,,,,,,,,,,,,,,,,,,,,,,,,,,,,,,,,,,,,,,,,,931,vase,,,metal,,,,,,,,,,,,,,,,,,,,,,,,,,,,,,,,,,,,,,971,potted,frilly,blotchy,foliage,,,,,,,,,,,,,,,,,,,,,,,,,,901,book,grooved,striped,paper,,,,,,,,,,,,,,,,,,,,941,book,grooved,striped,paper,,961,book,grooved,striped,paper,,,,,,,,,,,,,,,,,,,
,,,,,,971,vase,grooved,lined,paper,,,,,,,,,,,,,,,,,,,,,,,,,,,,,,,,,,,,,,,,,,,,,,,,,,,,,,,,,,,,,,,,,,,,,,,,,,941,vase,,,ceramic,,,,,,,,,,,,,,,,,,,,,,,,,,,,,,,,,,,,,,981,potted,frilly,blotchy,foliage,,,,,,,,,,,,,,,,,,,,,,,,,,911,clock,,,glass,wood,,,,,,,,,,,,,,,,,,,951,book,grooved,striped,paper,,971,clock,,,metal,,,,,,,,,,,,,,,,,,,
,,,,,,981,vase,grooved,lined,paper,,,,,,,,,,,,,,,,,,,,,,,,,,,,,,,,,,,,,,,,,,,,,,,,,,,,,,,,,,,,,,,,,,,,,,,,,,951,vase,stratified,lined,ceramic,,,,,,,,,,,,,,,,,,,,,,,,,,,,,,,,,,,,,,991,potted,frilly,blotchy,foliage,ceramic,,,,,,,,,,,,,,,,,,,,,,,,,921,clock,,,glass,wood,,,,,,,,,,,,,,,,,,,961,book,grooved,striped,paper,,981,clock,,,metal,glass,,,,,,,,,,,,,,,,,,
,,,,,,1001,teddy,,,fabric,,,,,,,,,,,,,,,,,,,,,,,,,,,,,,,,,,,,,,,,,,,,,,,,,,,,,,,,,,,,,,,,,,,,,,,,,,,,,,,,,,,,,,,,,,,,,,,,,,,,,,,,,,,,,,,,,,,,1001,potted,frilly,blotchy,foliage,ceramic,,,,,,,,,,,,,,,,,,,,,,,,,931,vase,woven,interlaced,fabric,,,,,,,,,,,,,,,,,,,,971,book,grooved,striped,paper,,1001,vase,,,glass,wood,,,,,,,,,,,,,,,,,,
,,,,,,,,,,,,,,,,,,,,,,,,,,,,,,,,,,,,,,,,,,,,,,,,,,,,,,,,,,,,,,,,,,,,,,,,,,,,,,,,,,,,,,,,,,,,,,,,,,,,,,,,,,,,,,,,,,,,,,,,,,,,,,1011,potted,fibrous,blotchy,foliage,ceramic,,,,,,,,,,,,,,,,,,,,,,,,,941,vase,woven,interlaced,fabric,,,,,,,,,,,,,,,,,,,,981,book,grooved,striped,paper,,1021,vase,grooved,lined,,,,,,,,,,,,,,,,,,,,
,,,,,,,,,,,,,,,,,,,,,,,,,,,,,,,,,,,,,,,,,,,,,,,,,,,,,,,,,,,,,,,,,,,,,,,,,,,,,,,,,,,,,,,,,,,,,,,,,,,,,,,,,,,,,,,,,,,,,,,,,,,,,,1021,potted,fibrous,stained,foliage,wood,,,,,,,,,,,,,,,,,,,,,,,,,951,vase,grooved,lined,glass,,,,,,,,,,,,,,,,,,,,991,book,grooved,striped,paper,,1031,vase,grooved,stained,ceramic,,,,,,,,,,,,,,,,,,,
,,,,,,,,,,,,,,,,,,,,,,,,,,,,,,,,,,,,,,,,,,,,,,,,,,,,,,,,,,,,,,,,,,,,,,,,,,,,,,,,,,,,,,,,,,,,,,,,,,,,,,,,,,,,,,,,,,,,,,,,,,,,,,1031,potted,fibrous,blotchy,ceramic,foliage,,,,,,,,,,,,,,,,,,,,,,,,,961,vase,,smeared,ceramic,,,,,,,,,,,,,,,,,,,,1001,book,grooved,striped,paper,,1041,vase,bumpy,,ceramic,,,,,,,,,,,,,,,,,,,
,,,,,,,,,,,,,,,,,,,,,,,,,,,,,,,,,,,,,,,,,,,,,,,,,,,,,,,,,,,,,,,,,,,,,,,,,,,,,,,,,,,,,,,,,,,,,,,,,,,,,,,,,,,,,,,,,,,,,,,,,,,,,,1041,potted,fibrous,stained,metal,foliage,,,,,,,,,,,,,,,,,,,,,,,,,,,,,,,,,,,,,,,,,,,,,,,,,1011,book,grooved,striped,paper,,1051,vase,,stained,ceramic,,,,,,,,,,,,,,,,,,,
,,,,,,,,,,,,,,,,,,,,,,,,,,,,,,,,,,,,,,,,,,,,,,,,,,,,,,,,,,,,,,,,,,,,,,,,,,,,,,,,,,,,,,,,,,,,,,,,,,,,,,,,,,,,,,,,,,,,,,,,,,,,,,1051,potted,,,ceramic,,,,,,,,,,,,,,,,,,,,,,,,,,,,,,,,,,,,,,,,,,,,,,,,,,1021,vase,,,ceramic,,1061,vase,bumpy,,ceramic,,,,,,,,,,,,,,,,,,,
,,,,,,,,,,,,,,,,,,,,,,,,,,,,,,,,,,,,,,,,,,,,,,,,,,,,,,,,,,,,,,,,,,,,,,,,,,,,,,,,,,,,,,,,,,,,,,,,,,,,,,,,,,,,,,,,,,,,,,,,,,,,,,1061,potted,fibrous,stained,foliage,,,,,,,,,,,,,,,,,,,,,,,,,,,,,,,,,,,,,,,,,,,,,,,,,,1031,vase,spiralled,,ceramic,,1071,vase,,,metal,,,,,,,,,,,,,,,,,,,
,,,,,,,,,,,,,,,,,,,,,,,,,,,,,,,,,,,,,,,,,,,,,,,,,,,,,,,,,,,,,,,,,,,,,,,,,,,,,,,,,,,,,,,,,,,,,,,,,,,,,,,,,,,,,,,,,,,,,,,,,,,,,,1071,potted,gauzy,stained,ceramic,foliage,,,,,,,,,,,,,,,,,,,,,,,,,,,,,,,,,,,,,,,,,,,,,,,,,1041,vase,,stained,ceramic,,1081,vase,,,glass,,,,,,,,,,,,,,,,,,,
,,,,,,,,,,,,,,,,,,,,,,,,,,,,,,,,,,,,,,,,,,,,,,,,,,,,,,,,,,,,,,,,,,,,,,,,,,,,,,,,,,,,,,,,,,,,,,,,,,,,,,,,,,,,,,,,,,,,,,,,,,,,,,1081,potted,fibrous,stained,wood,foliage,,,,,,,,,,,,,,,,,,,,,,,,,,,,,,,,,,,,,,,,,,,,,,,,,1051,vase,,smeared,ceramic,,1091,vase,grooved,lined,ceramic,,,,,,,,,,,,,,,,,,,
,,,,,,,,,,,,,,,,,,,,,,,,,,,,,,,,,,,,,,,,,,,,,,,,,,,,,,,,,,,,,,,,,,,,,,,,,,,,,,,,,,,,,,,,,,,,,,,,,,,,,,,,,,,,,,,,,,,,,,,,,,,,,,1091,potted,frilly,blotchy,metal,foliage,,,,,,,,,,,,,,,,,,,,,,,,,,,,,,,,,,,,,,,,,,,,,,,,,1061,vase,,swirly,ceramic,,1101,vase,grooved,lined,ceramic,,,,,,,,,,,,,,,,,,,
,,,,,,,,,,,,,,,,,,,,,,,,,,,,,,,,,,,,,,,,,,,,,,,,,,,,,,,,,,,,,,,,,,,,,,,,,,,,,,,,,,,,,,,,,,,,,,,,,,,,,,,,,,,,,,,,,,,,,,,,,,,,,,1101,potted,fibrous,blotchy,foliage,,,,,,,,,,,,,,,,,,,,,,,,,,,,,,,,,,,,,,,,,,,,,,,,,,1071,vase,bumpy,,ceramic,,1111,vase,bumpy,,metal,,,,,,,,,,,,,,,,,,,
,,,,,,,,,,,,,,,,,,,,,,,,,,,,,,,,,,,,,,,,,,,,,,,,,,,,,,,,,,,,,,,,,,,,,,,,,,,,,,,,,,,,,,,,,,,,,,,,,,,,,,,,,,,,,,,,,,,,,,,,,,,,,,1121,potted,gauzy,stained,ceramic,foliage,,,,,,,,,,,,,,,,,,,,,,,,,,,,,,,,,,,,,,,,,,,,,,,,,1081,vase,,,glass,,,,,,,,,,,,,,,,,,,,,,,,,
,,,,,,,,,,,,,,,,,,,,,,,,,,,,,,,,,,,,,,,,,,,,,,,,,,,,,,,,,,,,,,,,,,,,,,,,,,,,,,,,,,,,,,,,,,,,,,,,,,,,,,,,,,,,,,,,,,,,,,,,,,,,,,1131,bed,waffled,swirly,fabric,wood,,,,,,,,,,,,,,,,,,,,,,,,,,,,,,,,,,,,,,,,,,,,,,,,,1091,vase,,,glass,,,,,,,,,,,,,,,,,,,,,,,,,
,,,,,,,,,,,,,,,,,,,,,,,,,,,,,,,,,,,,,,,,,,,,,,,,,,,,,,,,,,,,,,,,,,,,,,,,,,,,,,,,,,,,,,,,,,,,,,,,,,,,,,,,,,,,,,,,,,,,,,,,,,,,,,1141,bed,,swirly,fabric,,,,,,,,,,,,,,,,,,,,,,,,,,,,,,,,,,,,,,,,,,,,,,,,,,1101,vase,,stained,glass,,,,,,,,,,,,,,,,,,,,,,,,,
,,,,,,,,,,,,,,,,,,,,,,,,,,,,,,,,,,,,,,,,,,,,,,,,,,,,,,,,,,,,,,,,,,,,,,,,,,,,,,,,,,,,,,,,,,,,,,,,,,,,,,,,,,,,,,,,,,,,,,,,,,,,,,1151,bed,,striped,fabric,wood,,,,,,,,,,,,,,,,,,,,,,,,,,,,,,,,,,,,,,,,,,,,,,,,,1111,vase,,stained,glass,,,,,,,,,,,,,,,,,,,,,,,,,
,,,,,,,,,,,,,,,,,,,,,,,,,,,,,,,,,,,,,,,,,,,,,,,,,,,,,,,,,,,,,,,,,,,,,,,,,,,,,,,,,,,,,,,,,,,,,,,,,,,,,,,,,,,,,,,,,,,,,,,,,,,,,,1161,bed,,striped,fabric,wood,,,,,,,,,,,,,,,,,,,,,,,,,,,,,,,,,,,,,,,,,,,,,,,,,,,,,,,,,,,,,,,,,,,,,,,,,,,,,,
,,,,,,,,,,,,,,,,,,,,,,,,,,,,,,,,,,,,,,,,,,,,,,,,,,,,,,,,,,,,,,,,,,,,,,,,,,,,,,,,,,,,,,,,,,,,,,,,,,,,,,,,,,,,,,,,,,,,,,,,,,,,,,1171,dining,,crosshatched,wood,,,,,,,,,,,,,,,,,,,,,,,,,,,,,,,,,,,,,,,,,,,,,,,,,,,,,,,,,,,,,,,,,,,,,,,,,,,,,,,
,,,,,,,,,,,,,,,,,,,,,,,,,,,,,,,,,,,,,,,,,,,,,,,,,,,,,,,,,,,,,,,,,,,,,,,,,,,,,,,,,,,,,,,,,,,,,,,,,,,,,,,,,,,,,,,,,,,,,,,,,,,,,,1181,tv,,,plastic,glass,,,,,,,,,,,,,,,,,,,,,,,,,,,,,,,,,,,,,,,,,,,,,,,,,,,,,,,,,,,,,,,,,,,,,,,,,,,,,,
,,,,,,,,,,,,,,,,,,,,,,,,,,,,,,,,,,,,,,,,,,,,,,,,,,,,,,,,,,,,,,,,,,,,,,,,,,,,,,,,,,,,,,,,,,,,,,,,,,,,,,,,,,,,,,,,,,,,,,,,,,,,,,1191,tv,,,plastic,glass,,,,,,,,,,,,,,,,,,,,,,,,,,,,,,,,,,,,,,,,,,,,,,,,,,,,,,,,,,,,,,,,,,,,,,,,,,,,,,
,,,,,,,,,,,,,,,,,,,,,,,,,,,,,,,,,,,,,,,,,,,,,,,,,,,,,,,,,,,,,,,,,,,,,,,,,,,,,,,,,,,,,,,,,,,,,,,,,,,,,,,,,,,,,,,,,,,,,,,,,,,,,,1201,tv,,,plastic,glass,,,,,,,,,,,,,,,,,,,,,,,,,,,,,,,,,,,,,,,,,,,,,,,,,,,,,,,,,,,,,,,,,,,,,,,,,,,,,,